launcher,rocket,frame,seconds
1,1,49,2.0
1,2,55,2.25
1,3,61,2.5
1,4,67,2.75
1,5,73,3.0
1,6,79,3.25
1,7,85,3.5
1,8,91,3.75
1,9,97,4.0
1,10,103,4.25
1,11,109,4.5
1,12,115,4.75
1,13,121,5.0
1,14,127,5.25
1,15,133,5.5
1,16,139,5.75
1,17,145,6.0
1,18,151,6.25
1,19,157,6.5
1,20,163,6.75
1,21,169,7.0
1,22,175,7.25
1,23,181,7.5
1,24,187,7.75
2,1,50,2.0416666666666665
2,2,56,2.2916666666666665
2,3,62,2.5416666666666665
2,4,68,2.7916666666666665
2,5,74,3.0416666666666665
2,6,80,3.2916666666666665
2,7,86,3.5416666666666665
2,8,92,3.7916666666666665
2,9,98,4.041666666666667
2,10,104,4.291666666666667
2,11,110,4.541666666666667
2,12,116,4.791666666666667
2,13,122,5.041666666666667
2,14,128,5.291666666666667
2,15,134,5.541666666666667
2,16,140,5.791666666666667
2,17,146,6.041666666666667
2,18,152,6.291666666666667
2,19,158,6.541666666666667
2,20,164,6.791666666666667
2,21,170,7.041666666666667
2,22,176,7.291666666666667
2,23,182,7.541666666666667
2,24,188,7.791666666666667
3,1,50,2.0416666666666665
3,2,56,2.2916666666666665
3,3,62,2.5416666666666665
3,4,68,2.7916666666666665
3,5,74,3.0416666666666665
3,6,80,3.2916666666666665
3,7,86,3.5416666666666665
3,8,92,3.7916666666666665
3,9,98,4.041666666666667
3,10,104,4.291666666666667
3,11,110,4.541666666666667
3,12,116,4.791666666666667
3,13,122,5.041666666666667
3,14,128,5.291666666666667
3,15,134,5.541666666666667
3,16,140,5.791666666666667
3,17,146,6.041666666666667
3,18,152,6.291666666666667
3,19,158,6.541666666666667
3,20,164,6.791666666666667
3,21,170,7.041666666666667
3,22,176,7.291666666666667
3,23,182,7.541666666666667
3,24,188,7.791666666666667
4,1,50,2.0416666666666665
4,2,56,2.2916666666666665
4,3,62,2.5416666666666665
4,4,68,2.7916666666666665
4,5,74,3.0416666666666665
4,6,80,3.2916666666666665
4,7,86,3.5416666666666665
4,8,92,3.7916666666666665
4,9,98,4.041666666666667
4,10,104,4.291666666666667
4,11,110,4.541666666666667
4,12,116,4.791666666666667
4,13,122,5.041666666666667
4,14,128,5.291666666666667
4,15,134,5.541666666666667
4,16,140,5.791666666666667
4,17,146,6.041666666666667
4,18,152,6.291666666666667
4,19,158,6.541666666666667
4,20,164,6.791666666666667
4,21,170,7.041666666666667
4,22,176,7.291666666666667
4,23,182,7.541666666666667
4,24,188,7.791666666666667
5,1,52,2.125
5,2,58,2.375
5,3,64,2.625
5,4,70,2.875
5,5,76,3.125
5,6,82,3.375
5,7,88,3.625
5,8,94,3.875
5,9,100,4.125
5,10,106,4.375
5,11,112,4.625
5,12,118,4.875
5,13,124,5.125
5,14,130,5.375
5,15,136,5.625
5,16,142,5.875
5,17,148,6.125
5,18,154,6.375
5,19,160,6.625
5,20,166,6.875
5,21,172,7.125
5,22,178,7.375
5,23,184,7.625
5,24,190,7.875
6,1,52,2.125
6,2,58,2.375
6,3,64,2.625
6,4,70,2.875
6,5,76,3.125
6,6,82,3.375
6,7,88,3.625
6,8,94,3.875
6,9,100,4.125
6,10,106,4.375
6,11,112,4.625
6,12,118,4.875
6,13,124,5.125
6,14,130,5.375
6,15,136,5.625
6,16,142,5.875
6,17,148,6.125
6,18,154,6.375
6,19,160,6.625
6,20,166,6.875
6,21,172,7.125
6,22,178,7.375
6,23,184,7.625
6,24,190,7.875
7,1,52,2.125
7,2,58,2.375
7,3,64,2.625
7,4,70,2.875
7,5,76,3.125
7,6,82,3.375
7,7,88,3.625
7,8,94,3.875
7,9,100,4.125
7,10,106,4.375
7,11,112,4.625
7,12,118,4.875
7,13,124,5.125
7,14,130,5.375
7,15,136,5.625
7,16,142,5.875
7,17,148,6.125
7,18,154,6.375
7,19,160,6.625
7,20,166,6.875
7,21,172,7.125
7,22,178,7.375
7,23,184,7.625
7,24,190,7.875
8,1,52,2.125
8,2,58,2.375
8,3,64,2.625
8,4,70,2.875
8,5,76,3.125
8,6,82,3.375
8,7,88,3.625
8,8,94,3.875
8,9,100,4.125
8,10,106,4.375
8,11,112,4.625
8,12,118,4.875
8,13,124,5.125
8,14,130,5.375
8,15,136,5.625
8,16,142,5.875
8,17,148,6.125
8,18,154,6.375
8,19,160,6.625
8,20,166,6.875
8,21,172,7.125
8,22,178,7.375
8,23,184,7.625
8,24,190,7.875
9,1,53,2.1666666666666665
9,2,59,2.4166666666666665
9,3,65,2.6666666666666665
9,4,71,2.9166666666666665
9,5,77,3.1666666666666665
9,6,83,3.4166666666666665
9,7,89,3.6666666666666665
9,8,95,3.9166666666666665
9,9,101,4.166666666666667
9,10,107,4.416666666666667
9,11,113,4.666666666666667
9,12,119,4.916666666666667
9,13,125,5.166666666666667
9,14,131,5.416666666666667
9,15,137,5.666666666666667
9,16,143,5.916666666666667
9,17,149,6.166666666666667
9,18,155,6.416666666666667
9,19,161,6.666666666666667
9,20,167,6.916666666666667
9,21,173,7.166666666666667
9,22,179,7.416666666666667
9,23,185,7.666666666666667
9,24,191,7.916666666666667
10,1,54,2.2083333333333335
10,2,60,2.4583333333333335
10,3,66,2.7083333333333335
10,4,72,2.9583333333333335
10,5,78,3.2083333333333335
10,6,84,3.4583333333333335
10,7,90,3.7083333333333335
10,8,96,3.9583333333333335
10,9,102,4.208333333333333
10,10,108,4.458333333333333
10,11,114,4.708333333333333
10,12,120,4.958333333333333
10,13,126,5.208333333333333
10,14,132,5.458333333333333
10,15,138,5.708333333333333
10,16,144,5.958333333333333
10,17,150,6.208333333333333
10,18,156,6.458333333333333
10,19,162,6.708333333333333
10,20,168,6.958333333333333
10,21,174,7.208333333333333
10,22,180,7.458333333333333
10,23,186,7.708333333333333
10,24,192,7.958333333333333
11,1,53,2.1666666666666665
11,2,59,2.4166666666666665
11,3,65,2.6666666666666665
11,4,71,2.9166666666666665
11,5,77,3.1666666666666665
11,6,83,3.4166666666666665
11,7,89,3.6666666666666665
11,8,95,3.9166666666666665
11,9,101,4.166666666666667
11,10,107,4.416666666666667
11,11,113,4.666666666666667
11,12,119,4.916666666666667
11,13,125,5.166666666666667
11,14,131,5.416666666666667
11,15,137,5.666666666666667
11,16,143,5.916666666666667
11,17,149,6.166666666666667
11,18,155,6.416666666666667
11,19,161,6.666666666666667
11,20,167,6.916666666666667
11,21,173,7.166666666666667
11,22,179,7.416666666666667
11,23,185,7.666666666666667
11,24,191,7.916666666666667
12,1,53,2.1666666666666665
12,2,59,2.4166666666666665
12,3,65,2.6666666666666665
12,4,71,2.9166666666666665
12,5,77,3.1666666666666665
12,6,83,3.4166666666666665
12,7,89,3.6666666666666665
12,8,95,3.9166666666666665
12,9,101,4.166666666666667
12,10,107,4.416666666666667
12,11,113,4.666666666666667
12,12,119,4.916666666666667
12,13,125,5.166666666666667
12,14,131,5.416666666666667
12,15,137,5.666666666666667
12,16,143,5.916666666666667
12,17,149,6.166666666666667
12,18,155,6.416666666666667
12,19,161,6.666666666666667
12,20,167,6.916666666666667
12,21,173,7.166666666666667
12,22,179,7.416666666666667
12,23,185,7.666666666666667
12,24,191,7.916666666666667
13,1,52,2.125
13,2,58,2.375
13,3,64,2.625
13,4,70,2.875
13,5,76,3.125
13,6,82,3.375
13,7,88,3.625
13,8,94,3.875
13,9,100,4.125
13,10,106,4.375
13,11,112,4.625
13,12,118,4.875
13,13,124,5.125
13,14,130,5.375
13,15,136,5.625
13,16,142,5.875
13,17,148,6.125
13,18,154,6.375
13,19,160,6.625
13,20,166,6.875
13,21,172,7.125
13,22,178,7.375
13,23,184,7.625
13,24,190,7.875
14,1,52,2.125
14,2,58,2.375
14,3,64,2.625
14,4,70,2.875
14,5,76,3.125
14,6,82,3.375
14,7,88,3.625
14,8,94,3.875
14,9,100,4.125
14,10,106,4.375
14,11,112,4.625
14,12,118,4.875
14,13,124,5.125
14,14,130,5.375
14,15,136,5.625
14,16,142,5.875
14,17,148,6.125
14,18,154,6.375
14,19,160,6.625
14,20,166,6.875
14,21,172,7.125
14,22,178,7.375
14,23,184,7.625
14,24,190,7.875
15,1,51,2.0833333333333335
15,2,57,2.3333333333333335
15,3,63,2.5833333333333335
15,4,69,2.8333333333333335
15,5,75,3.0833333333333335
15,6,81,3.3333333333333335
15,7,87,3.5833333333333335
15,8,93,3.8333333333333335
15,9,99,4.083333333333333
15,10,105,4.333333333333333
15,11,111,4.583333333333333
15,12,117,4.833333333333333
15,13,123,5.083333333333333
15,14,129,5.333333333333333
15,15,135,5.583333333333333
15,16,141,5.833333333333333
15,17,147,6.083333333333333
15,18,153,6.333333333333333
15,19,159,6.583333333333333
15,20,165,6.833333333333333
15,21,171,7.083333333333333
15,22,177,7.333333333333333
15,23,183,7.583333333333333
15,24,189,7.833333333333333
16,1,52,2.125
16,2,58,2.375
16,3,64,2.625
16,4,70,2.875
16,5,76,3.125
16,6,82,3.375
16,7,88,3.625
16,8,94,3.875
16,9,100,4.125
16,10,106,4.375
16,11,112,4.625
16,12,118,4.875
16,13,124,5.125
16,14,130,5.375
16,15,136,5.625
16,16,142,5.875
16,17,148,6.125
16,18,154,6.375
16,19,160,6.625
16,20,166,6.875
16,21,172,7.125
16,22,178,7.375
16,23,184,7.625
16,24,190,7.875
17,1,53,2.1666666666666665
17,2,59,2.4166666666666665
17,3,65,2.6666666666666665
17,4,71,2.9166666666666665
17,5,77,3.1666666666666665
17,6,83,3.4166666666666665
17,7,89,3.6666666666666665
17,8,95,3.9166666666666665
17,9,101,4.166666666666667
17,10,107,4.416666666666667
17,11,113,4.666666666666667
17,12,119,4.916666666666667
17,13,125,5.166666666666667
17,14,131,5.416666666666667
17,15,137,5.666666666666667
17,16,143,5.916666666666667
17,17,149,6.166666666666667
17,18,155,6.416666666666667
17,19,161,6.666666666666667
17,20,167,6.916666666666667
17,21,173,7.166666666666667
17,22,179,7.416666666666667
17,23,185,7.666666666666667
17,24,191,7.916666666666667
18,1,52,2.125
18,2,58,2.375
18,3,64,2.625
18,4,70,2.875
18,5,76,3.125
18,6,82,3.375
18,7,88,3.625
18,8,94,3.875
18,9,100,4.125
18,10,106,4.375
18,11,112,4.625
18,12,118,4.875
18,13,124,5.125
18,14,130,5.375
18,15,136,5.625
18,16,142,5.875
18,17,148,6.125
18,18,154,6.375
18,19,160,6.625
18,20,166,6.875
18,21,172,7.125
18,22,178,7.375
18,23,184,7.625
18,24,190,7.875
19,1,53,2.1666666666666665
19,2,59,2.4166666666666665
19,3,65,2.6666666666666665
19,4,71,2.9166666666666665
19,5,77,3.1666666666666665
19,6,83,3.4166666666666665
19,7,89,3.6666666666666665
19,8,95,3.9166666666666665
19,9,101,4.166666666666667
19,10,107,4.416666666666667
19,11,113,4.666666666666667
19,12,119,4.916666666666667
19,13,125,5.166666666666667
19,14,131,5.416666666666667
19,15,137,5.666666666666667
19,16,143,5.916666666666667
19,17,149,6.166666666666667
19,18,155,6.416666666666667
19,19,161,6.666666666666667
19,20,167,6.916666666666667
19,21,173,7.166666666666667
19,22,179,7.416666666666667
19,23,185,7.666666666666667
19,24,191,7.916666666666667
20,1,54,2.2083333333333335
20,2,60,2.4583333333333335
20,3,66,2.7083333333333335
20,4,72,2.9583333333333335
20,5,78,3.2083333333333335
20,6,84,3.4583333333333335
20,7,90,3.7083333333333335
20,8,96,3.9583333333333335
20,9,102,4.208333333333333
20,10,108,4.458333333333333
20,11,114,4.708333333333333
20,12,120,4.958333333333333
20,13,126,5.208333333333333
20,14,132,5.458333333333333
20,15,138,5.708333333333333
20,16,144,5.958333333333333
20,17,150,6.208333333333333
20,18,156,6.458333333333333
20,19,162,6.708333333333333
20,20,168,6.958333333333333
20,21,174,7.208333333333333
20,22,180,7.458333333333333
20,23,186,7.708333333333333
20,24,192,7.958333333333333
21,1,53,2.1666666666666665
21,2,59,2.4166666666666665
21,3,65,2.6666666666666665
21,4,71,2.9166666666666665
21,5,77,3.1666666666666665
21,6,83,3.4166666666666665
21,7,89,3.6666666666666665
21,8,95,3.9166666666666665
21,9,101,4.166666666666667
21,10,107,4.416666666666667
21,11,113,4.666666666666667
21,12,119,4.916666666666667
21,13,125,5.166666666666667
21,14,131,5.416666666666667
21,15,137,5.666666666666667
21,16,143,5.916666666666667
21,17,149,6.166666666666667
21,18,155,6.416666666666667
21,19,161,6.666666666666667
21,20,167,6.916666666666667
21,21,173,7.166666666666667
21,22,179,7.416666666666667
21,23,185,7.666666666666667
21,24,191,7.916666666666667
22,1,54,2.2083333333333335
22,2,60,2.4583333333333335
22,3,66,2.7083333333333335
22,4,72,2.9583333333333335
22,5,78,3.2083333333333335
22,6,84,3.4583333333333335
22,7,90,3.7083333333333335
22,8,96,3.9583333333333335
22,9,102,4.208333333333333
22,10,108,4.458333333333333
22,11,114,4.708333333333333
22,12,120,4.958333333333333
22,13,126,5.208333333333333
22,14,132,5.458333333333333
22,15,138,5.708333333333333
22,16,144,5.958333333333333
22,17,150,6.208333333333333
22,18,156,6.458333333333333
22,19,162,6.708333333333333
22,20,168,6.958333333333333
22,21,174,7.208333333333333
22,22,180,7.458333333333333
22,23,186,7.708333333333333
22,24,192,7.958333333333333
23,1,54,2.2083333333333335
23,2,60,2.4583333333333335
23,3,66,2.7083333333333335
23,4,72,2.9583333333333335
23,5,78,3.2083333333333335
23,6,84,3.4583333333333335
23,7,90,3.7083333333333335
23,8,96,3.9583333333333335
23,9,102,4.208333333333333
23,10,108,4.458333333333333
23,11,114,4.708333333333333
23,12,120,4.958333333333333
23,13,126,5.208333333333333
23,14,132,5.458333333333333
23,15,138,5.708333333333333
23,16,144,5.958333333333333
23,17,150,6.208333333333333
23,18,156,6.458333333333333
23,19,162,6.708333333333333
23,20,168,6.958333333333333
23,21,174,7.208333333333333
23,22,180,7.458333333333333
23,23,186,7.708333333333333
23,24,192,7.958333333333333
24,1,55,2.25
24,2,61,2.5
24,3,67,2.75
24,4,73,3.0
24,5,79,3.25
24,6,85,3.5
24,7,91,3.75
24,8,97,4.0
24,9,103,4.25
24,10,109,4.5
24,11,115,4.75
24,12,121,5.0
24,13,127,5.25
24,14,133,5.5
24,15,139,5.75
24,16,145,6.0
24,17,151,6.25
24,18,157,6.5
24,19,163,6.75
24,20,169,7.0
24,21,175,7.25
24,22,181,7.5
24,23,187,7.75
24,24,193,8.0
25,1,53,2.1666666666666665
25,2,59,2.4166666666666665
25,3,65,2.6666666666666665
25,4,71,2.9166666666666665
25,5,77,3.1666666666666665
25,6,83,3.4166666666666665
25,7,89,3.6666666666666665
25,8,95,3.9166666666666665
25,9,101,4.166666666666667
25,10,107,4.416666666666667
25,11,113,4.666666666666667
25,12,119,4.916666666666667
25,13,125,5.166666666666667
25,14,131,5.416666666666667
25,15,137,5.666666666666667
25,16,143,5.916666666666667
25,17,149,6.166666666666667
25,18,155,6.416666666666667
25,19,161,6.666666666666667
25,20,167,6.916666666666667
25,21,173,7.166666666666667
25,22,179,7.416666666666667
25,23,185,7.666666666666667
25,24,191,7.916666666666667
26,1,53,2.1666666666666665
26,2,59,2.4166666666666665
26,3,65,2.6666666666666665
26,4,71,2.9166666666666665
26,5,77,3.1666666666666665
26,6,83,3.4166666666666665
26,7,89,3.6666666666666665
26,8,95,3.9166666666666665
26,9,101,4.166666666666667
26,10,107,4.416666666666667
26,11,113,4.666666666666667
26,12,119,4.916666666666667
26,13,125,5.166666666666667
26,14,131,5.416666666666667
26,15,137,5.666666666666667
26,16,143,5.916666666666667
26,17,149,6.166666666666667
26,18,155,6.416666666666667
26,19,161,6.666666666666667
26,20,167,6.916666666666667
26,21,173,7.166666666666667
26,22,179,7.416666666666667
26,23,185,7.666666666666667
26,24,191,7.916666666666667
27,1,53,2.1666666666666665
27,2,59,2.4166666666666665
27,3,65,2.6666666666666665
27,4,71,2.9166666666666665
27,5,77,3.1666666666666665
27,6,83,3.4166666666666665
27,7,89,3.6666666666666665
27,8,95,3.9166666666666665
27,9,101,4.166666666666667
27,10,107,4.416666666666667
27,11,113,4.666666666666667
27,12,119,4.916666666666667
27,13,125,5.166666666666667
27,14,131,5.416666666666667
27,15,137,5.666666666666667
27,16,143,5.916666666666667
27,17,149,6.166666666666667
27,18,155,6.416666666666667
27,19,161,6.666666666666667
27,20,167,6.916666666666667
27,21,173,7.166666666666667
27,22,179,7.416666666666667
27,23,185,7.666666666666667
27,24,191,7.916666666666667
28,1,53,2.1666666666666665
28,2,59,2.4166666666666665
28,3,65,2.6666666666666665
28,4,71,2.9166666666666665
28,5,77,3.1666666666666665
28,6,83,3.4166666666666665
28,7,89,3.6666666666666665
28,8,95,3.9166666666666665
28,9,101,4.166666666666667
28,10,107,4.416666666666667
28,11,113,4.666666666666667
28,12,119,4.916666666666667
28,13,125,5.166666666666667
28,14,131,5.416666666666667
28,15,137,5.666666666666667
28,16,143,5.916666666666667
28,17,149,6.166666666666667
28,18,155,6.416666666666667
28,19,161,6.666666666666667
28,20,167,6.916666666666667
28,21,173,7.166666666666667
28,22,179,7.416666666666667
28,23,185,7.666666666666667
28,24,191,7.916666666666667
29,1,55,2.25
29,2,61,2.5
29,3,67,2.75
29,4,73,3.0
29,5,79,3.25
29,6,85,3.5
29,7,91,3.75
29,8,97,4.0
29,9,103,4.25
29,10,109,4.5
29,11,115,4.75
29,12,121,5.0
29,13,127,5.25
29,14,133,5.5
29,15,139,5.75
29,16,145,6.0
29,17,151,6.25
29,18,157,6.5
29,19,163,6.75
29,20,169,7.0
29,21,175,7.25
29,22,181,7.5
29,23,187,7.75
29,24,193,8.0
30,1,54,2.2083333333333335
30,2,60,2.4583333333333335
30,3,66,2.7083333333333335
30,4,72,2.9583333333333335
30,5,78,3.2083333333333335
30,6,84,3.4583333333333335
30,7,90,3.7083333333333335
30,8,96,3.9583333333333335
30,9,102,4.208333333333333
30,10,108,4.458333333333333
30,11,114,4.708333333333333
30,12,120,4.958333333333333
30,13,126,5.208333333333333
30,14,132,5.458333333333333
30,15,138,5.708333333333333
30,16,144,5.958333333333333
30,17,150,6.208333333333333
30,18,156,6.458333333333333
30,19,162,6.708333333333333
30,20,168,6.958333333333333
30,21,174,7.208333333333333
30,22,180,7.458333333333333
30,23,186,7.708333333333333
30,24,192,7.958333333333333
31,1,55,2.25
31,2,61,2.5
31,3,67,2.75
31,4,73,3.0
31,5,79,3.25
31,6,85,3.5
31,7,91,3.75
31,8,97,4.0
31,9,103,4.25
31,10,109,4.5
31,11,115,4.75
31,12,121,5.0
31,13,127,5.25
31,14,133,5.5
31,15,139,5.75
31,16,145,6.0
31,17,151,6.25
31,18,157,6.5
31,19,163,6.75
31,20,169,7.0
31,21,175,7.25
31,22,181,7.5
31,23,187,7.75
31,24,193,8.0
32,1,54,2.2083333333333335
32,2,60,2.4583333333333335
32,3,66,2.7083333333333335
32,4,72,2.9583333333333335
32,5,78,3.2083333333333335
32,6,84,3.4583333333333335
32,7,90,3.7083333333333335
32,8,96,3.9583333333333335
32,9,102,4.208333333333333
32,10,108,4.458333333333333
32,11,114,4.708333333333333
32,12,120,4.958333333333333
32,13,126,5.208333333333333
32,14,132,5.458333333333333
32,15,138,5.708333333333333
32,16,144,5.958333333333333
32,17,150,6.208333333333333
32,18,156,6.458333333333333
32,19,162,6.708333333333333
32,20,168,6.958333333333333
32,21,174,7.208333333333333
32,22,180,7.458333333333333
32,23,186,7.708333333333333
32,24,192,7.958333333333333
33,1,56,2.2916666666666665
33,2,62,2.5416666666666665
33,3,68,2.7916666666666665
33,4,74,3.0416666666666665
33,5,80,3.2916666666666665
33,6,86,3.5416666666666665
33,7,92,3.7916666666666665
33,8,98,4.041666666666667
33,9,104,4.291666666666667
33,10,110,4.541666666666667
33,11,116,4.791666666666667
33,12,122,5.041666666666667
33,13,128,5.291666666666667
33,14,134,5.541666666666667
33,15,140,5.791666666666667
33,16,146,6.041666666666667
33,17,152,6.291666666666667
33,18,158,6.541666666666667
33,19,164,6.791666666666667
33,20,170,7.041666666666667
33,21,176,7.291666666666667
33,22,182,7.541666666666667
33,23,188,7.791666666666667
33,24,194,8.041666666666666
34,1,57,2.3333333333333335
34,2,63,2.5833333333333335
34,3,69,2.8333333333333335
34,4,75,3.0833333333333335
34,5,81,3.3333333333333335
34,6,87,3.5833333333333335
34,7,93,3.8333333333333335
34,8,99,4.083333333333333
34,9,105,4.333333333333333
34,10,111,4.583333333333333
34,11,117,4.833333333333333
34,12,123,5.083333333333333
34,13,129,5.333333333333333
34,14,135,5.583333333333333
34,15,141,5.833333333333333
34,16,147,6.083333333333333
34,17,153,6.333333333333333
34,18,159,6.583333333333333
34,19,165,6.833333333333333
34,20,171,7.083333333333333
34,21,177,7.333333333333333
34,22,183,7.583333333333333
34,23,189,7.833333333333333
34,24,195,8.083333333333334
35,1,57,2.3333333333333335
35,2,63,2.5833333333333335
35,3,69,2.8333333333333335
35,4,75,3.0833333333333335
35,5,81,3.3333333333333335
35,6,87,3.5833333333333335
35,7,93,3.8333333333333335
35,8,99,4.083333333333333
35,9,105,4.333333333333333
35,10,111,4.583333333333333
35,11,117,4.833333333333333
35,12,123,5.083333333333333
35,13,129,5.333333333333333
35,14,135,5.583333333333333
35,15,141,5.833333333333333
35,16,147,6.083333333333333
35,17,153,6.333333333333333
35,18,159,6.583333333333333
35,19,165,6.833333333333333
35,20,171,7.083333333333333
35,21,177,7.333333333333333
35,22,183,7.583333333333333
35,23,189,7.833333333333333
35,24,195,8.083333333333334
36,1,57,2.3333333333333335
36,2,63,2.5833333333333335
36,3,69,2.8333333333333335
36,4,75,3.0833333333333335
36,5,81,3.3333333333333335
36,6,87,3.5833333333333335
36,7,93,3.8333333333333335
36,8,99,4.083333333333333
36,9,105,4.333333333333333
36,10,111,4.583333333333333
36,11,117,4.833333333333333
36,12,123,5.083333333333333
36,13,129,5.333333333333333
36,14,135,5.583333333333333
36,15,141,5.833333333333333
36,16,147,6.083333333333333
36,17,153,6.333333333333333
36,18,159,6.583333333333333
36,19,165,6.833333333333333
36,20,171,7.083333333333333
36,21,177,7.333333333333333
36,22,183,7.583333333333333
36,23,189,7.833333333333333
36,24,195,8.083333333333334
37,1,53,2.1666666666666665
37,2,59,2.4166666666666665
37,3,65,2.6666666666666665
37,4,71,2.9166666666666665
37,5,77,3.1666666666666665
37,6,83,3.4166666666666665
37,7,89,3.6666666666666665
37,8,95,3.9166666666666665
37,9,101,4.166666666666667
37,10,107,4.416666666666667
37,11,113,4.666666666666667
37,12,119,4.916666666666667
37,13,125,5.166666666666667
37,14,131,5.416666666666667
37,15,137,5.666666666666667
37,16,143,5.916666666666667
37,17,149,6.166666666666667
37,18,155,6.416666666666667
37,19,161,6.666666666666667
37,20,167,6.916666666666667
37,21,173,7.166666666666667
37,22,179,7.416666666666667
37,23,185,7.666666666666667
37,24,191,7.916666666666667
38,1,54,2.2083333333333335
38,2,60,2.4583333333333335
38,3,66,2.7083333333333335
38,4,72,2.9583333333333335
38,5,78,3.2083333333333335
38,6,84,3.4583333333333335
38,7,90,3.7083333333333335
38,8,96,3.9583333333333335
38,9,102,4.208333333333333
38,10,108,4.458333333333333
38,11,114,4.708333333333333
38,12,120,4.958333333333333
38,13,126,5.208333333333333
38,14,132,5.458333333333333
38,15,138,5.708333333333333
38,16,144,5.958333333333333
38,17,150,6.208333333333333
38,18,156,6.458333333333333
38,19,162,6.708333333333333
38,20,168,6.958333333333333
38,21,174,7.208333333333333
38,22,180,7.458333333333333
38,23,186,7.708333333333333
38,24,192,7.958333333333333
39,1,54,2.2083333333333335
39,2,60,2.4583333333333335
39,3,66,2.7083333333333335
39,4,72,2.9583333333333335
39,5,78,3.2083333333333335
39,6,84,3.4583333333333335
39,7,90,3.7083333333333335
39,8,96,3.9583333333333335
39,9,102,4.208333333333333
39,10,108,4.458333333333333
39,11,114,4.708333333333333
39,12,120,4.958333333333333
39,13,126,5.208333333333333
39,14,132,5.458333333333333
39,15,138,5.708333333333333
39,16,144,5.958333333333333
39,17,150,6.208333333333333
39,18,156,6.458333333333333
39,19,162,6.708333333333333
39,20,168,6.958333333333333
39,21,174,7.208333333333333
39,22,180,7.458333333333333
39,23,186,7.708333333333333
39,24,192,7.958333333333333
40,1,54,2.2083333333333335
40,2,60,2.4583333333333335
40,3,66,2.7083333333333335
40,4,72,2.9583333333333335
40,5,78,3.2083333333333335
40,6,84,3.4583333333333335
40,7,90,3.7083333333333335
40,8,96,3.9583333333333335
40,9,102,4.208333333333333
40,10,108,4.458333333333333
40,11,114,4.708333333333333
40,12,120,4.958333333333333
40,13,126,5.208333333333333
40,14,132,5.458333333333333
40,15,138,5.708333333333333
40,16,144,5.958333333333333
40,17,150,6.208333333333333
40,18,156,6.458333333333333
40,19,162,6.708333333333333
40,20,168,6.958333333333333
40,21,174,7.208333333333333
40,22,180,7.458333333333333
40,23,186,7.708333333333333
40,24,192,7.958333333333333
41,1,55,2.25
41,2,61,2.5
41,3,67,2.75
41,4,73,3.0
41,5,79,3.25
41,6,85,3.5
41,7,91,3.75
41,8,97,4.0
41,9,103,4.25
41,10,109,4.5
41,11,115,4.75
41,12,121,5.0
41,13,127,5.25
41,14,133,5.5
41,15,139,5.75
41,16,145,6.0
41,17,151,6.25
41,18,157,6.5
41,19,163,6.75
41,20,169,7.0
41,21,175,7.25
41,22,181,7.5
41,23,187,7.75
41,24,193,8.0
42,1,55,2.25
42,2,61,2.5
42,3,67,2.75
42,4,73,3.0
42,5,79,3.25
42,6,85,3.5
42,7,91,3.75
42,8,97,4.0
42,9,103,4.25
42,10,109,4.5
42,11,115,4.75
42,12,121,5.0
42,13,127,5.25
42,14,133,5.5
42,15,139,5.75
42,16,145,6.0
42,17,151,6.25
42,18,157,6.5
42,19,163,6.75
42,20,169,7.0
42,21,175,7.25
42,22,181,7.5
42,23,187,7.75
42,24,193,8.0
43,1,57,2.3333333333333335
43,2,63,2.5833333333333335
43,3,69,2.8333333333333335
43,4,75,3.0833333333333335
43,5,81,3.3333333333333335
43,6,87,3.5833333333333335
43,7,93,3.8333333333333335
43,8,99,4.083333333333333
43,9,105,4.333333333333333
43,10,111,4.583333333333333
43,11,117,4.833333333333333
43,12,123,5.083333333333333
43,13,129,5.333333333333333
43,14,135,5.583333333333333
43,15,141,5.833333333333333
43,16,147,6.083333333333333
43,17,153,6.333333333333333
43,18,159,6.583333333333333
43,19,165,6.833333333333333
43,20,171,7.083333333333333
43,21,177,7.333333333333333
43,22,183,7.583333333333333
43,23,189,7.833333333333333
43,24,195,8.083333333333334
44,1,57,2.3333333333333335
44,2,63,2.5833333333333335
44,3,69,2.8333333333333335
44,4,75,3.0833333333333335
44,5,81,3.3333333333333335
44,6,87,3.5833333333333335
44,7,93,3.8333333333333335
44,8,99,4.083333333333333
44,9,105,4.333333333333333
44,10,111,4.583333333333333
44,11,117,4.833333333333333
44,12,123,5.083333333333333
44,13,129,5.333333333333333
44,14,135,5.583333333333333
44,15,141,5.833333333333333
44,16,147,6.083333333333333
44,17,153,6.333333333333333
44,18,159,6.583333333333333
44,19,165,6.833333333333333
44,20,171,7.083333333333333
44,21,177,7.333333333333333
44,22,183,7.583333333333333
44,23,189,7.833333333333333
44,24,195,8.083333333333334
45,1,57,2.3333333333333335
45,2,63,2.5833333333333335
45,3,69,2.8333333333333335
45,4,75,3.0833333333333335
45,5,81,3.3333333333333335
45,6,87,3.5833333333333335
45,7,93,3.8333333333333335
45,8,99,4.083333333333333
45,9,105,4.333333333333333
45,10,111,4.583333333333333
45,11,117,4.833333333333333
45,12,123,5.083333333333333
45,13,129,5.333333333333333
45,14,135,5.583333333333333
45,15,141,5.833333333333333
45,16,147,6.083333333333333
45,17,153,6.333333333333333
45,18,159,6.583333333333333
45,19,165,6.833333333333333
45,20,171,7.083333333333333
45,21,177,7.333333333333333
45,22,183,7.583333333333333
45,23,189,7.833333333333333
45,24,195,8.083333333333334
46,1,57,2.3333333333333335
46,2,63,2.5833333333333335
46,3,69,2.8333333333333335
46,4,75,3.0833333333333335
46,5,81,3.3333333333333335
46,6,87,3.5833333333333335
46,7,93,3.8333333333333335
46,8,99,4.083333333333333
46,9,105,4.333333333333333
46,10,111,4.583333333333333
46,11,117,4.833333333333333
46,12,123,5.083333333333333
46,13,129,5.333333333333333
46,14,135,5.583333333333333
46,15,141,5.833333333333333
46,16,147,6.083333333333333
46,17,153,6.333333333333333
46,18,159,6.583333333333333
46,19,165,6.833333333333333
46,20,171,7.083333333333333
46,21,177,7.333333333333333
46,22,183,7.583333333333333
46,23,189,7.833333333333333
46,24,195,8.083333333333334
47,1,57,2.3333333333333335
47,2,63,2.5833333333333335
47,3,69,2.8333333333333335
47,4,75,3.0833333333333335
47,5,81,3.3333333333333335
47,6,87,3.5833333333333335
47,7,93,3.8333333333333335
47,8,99,4.083333333333333
47,9,105,4.333333333333333
47,10,111,4.583333333333333
47,11,117,4.833333333333333
47,12,123,5.083333333333333
47,13,129,5.333333333333333
47,14,135,5.583333333333333
47,15,141,5.833333333333333
47,16,147,6.083333333333333
47,17,153,6.333333333333333
47,18,159,6.583333333333333
47,19,165,6.833333333333333
47,20,171,7.083333333333333
47,21,177,7.333333333333333
47,22,183,7.583333333333333
47,23,189,7.833333333333333
47,24,195,8.083333333333334
48,1,58,2.375
48,2,64,2.625
48,3,70,2.875
48,4,76,3.125
48,5,82,3.375
48,6,88,3.625
48,7,94,3.875
48,8,100,4.125
48,9,106,4.375
48,10,112,4.625
48,11,118,4.875
48,12,124,5.125
48,13,130,5.375
48,14,136,5.625
48,15,142,5.875
48,16,148,6.125
48,17,154,6.375
48,18,160,6.625
48,19,166,6.875
48,20,172,7.125
48,21,178,7.375
48,22,184,7.625
48,23,190,7.875
48,24,196,8.125
49,1,54,2.2083333333333335
49,2,60,2.4583333333333335
49,3,66,2.7083333333333335
49,4,72,2.9583333333333335
49,5,78,3.2083333333333335
49,6,84,3.4583333333333335
49,7,90,3.7083333333333335
49,8,96,3.9583333333333335
49,9,102,4.208333333333333
49,10,108,4.458333333333333
49,11,114,4.708333333333333
49,12,120,4.958333333333333
49,13,126,5.208333333333333
49,14,132,5.458333333333333
49,15,138,5.708333333333333
49,16,144,5.958333333333333
49,17,150,6.208333333333333
49,18,156,6.458333333333333
49,19,162,6.708333333333333
49,20,168,6.958333333333333
49,21,174,7.208333333333333
49,22,180,7.458333333333333
49,23,186,7.708333333333333
49,24,192,7.958333333333333
50,1,55,2.25
50,2,61,2.5
50,3,67,2.75
50,4,73,3.0
50,5,79,3.25
50,6,85,3.5
50,7,91,3.75
50,8,97,4.0
50,9,103,4.25
50,10,109,4.5
50,11,115,4.75
50,12,121,5.0
50,13,127,5.25
50,14,133,5.5
50,15,139,5.75
50,16,145,6.0
50,17,151,6.25
50,18,157,6.5
50,19,163,6.75
50,20,169,7.0
50,21,175,7.25
50,22,181,7.5
50,23,187,7.75
50,24,193,8.0
51,1,56,2.2916666666666665
51,2,62,2.5416666666666665
51,3,68,2.7916666666666665
51,4,74,3.0416666666666665
51,5,80,3.2916666666666665
51,6,86,3.5416666666666665
51,7,92,3.7916666666666665
51,8,98,4.041666666666667
51,9,104,4.291666666666667
51,10,110,4.541666666666667
51,11,116,4.791666666666667
51,12,122,5.041666666666667
51,13,128,5.291666666666667
51,14,134,5.541666666666667
51,15,140,5.791666666666667
51,16,146,6.041666666666667
51,17,152,6.291666666666667
51,18,158,6.541666666666667
51,19,164,6.791666666666667
51,20,170,7.041666666666667
51,21,176,7.291666666666667
51,22,182,7.541666666666667
51,23,188,7.791666666666667
51,24,194,8.041666666666666
52,1,57,2.3333333333333335
52,2,63,2.5833333333333335
52,3,69,2.8333333333333335
52,4,75,3.0833333333333335
52,5,81,3.3333333333333335
52,6,87,3.5833333333333335
52,7,93,3.8333333333333335
52,8,99,4.083333333333333
52,9,105,4.333333333333333
52,10,111,4.583333333333333
52,11,117,4.833333333333333
52,12,123,5.083333333333333
52,13,129,5.333333333333333
52,14,135,5.583333333333333
52,15,141,5.833333333333333
52,16,147,6.083333333333333
52,17,153,6.333333333333333
52,18,159,6.583333333333333
52,19,165,6.833333333333333
52,20,171,7.083333333333333
52,21,177,7.333333333333333
52,22,183,7.583333333333333
52,23,189,7.833333333333333
52,24,195,8.083333333333334
53,1,57,2.3333333333333335
53,2,63,2.5833333333333335
53,3,69,2.8333333333333335
53,4,75,3.0833333333333335
53,5,81,3.3333333333333335
53,6,87,3.5833333333333335
53,7,93,3.8333333333333335
53,8,99,4.083333333333333
53,9,105,4.333333333333333
53,10,111,4.583333333333333
53,11,117,4.833333333333333
53,12,123,5.083333333333333
53,13,129,5.333333333333333
53,14,135,5.583333333333333
53,15,141,5.833333333333333
53,16,147,6.083333333333333
53,17,153,6.333333333333333
53,18,159,6.583333333333333
53,19,165,6.833333333333333
53,20,171,7.083333333333333
53,21,177,7.333333333333333
53,22,183,7.583333333333333
53,23,189,7.833333333333333
53,24,195,8.083333333333334
54,1,57,2.3333333333333335
54,2,63,2.5833333333333335
54,3,69,2.8333333333333335
54,4,75,3.0833333333333335
54,5,81,3.3333333333333335
54,6,87,3.5833333333333335
54,7,93,3.8333333333333335
54,8,99,4.083333333333333
54,9,105,4.333333333333333
54,10,111,4.583333333333333
54,11,117,4.833333333333333
54,12,123,5.083333333333333
54,13,129,5.333333333333333
54,14,135,5.583333333333333
54,15,141,5.833333333333333
54,16,147,6.083333333333333
54,17,153,6.333333333333333
54,18,159,6.583333333333333
54,19,165,6.833333333333333
54,20,171,7.083333333333333
54,21,177,7.333333333333333
54,22,183,7.583333333333333
54,23,189,7.833333333333333
54,24,195,8.083333333333334
55,1,59,2.4166666666666665
55,2,65,2.6666666666666665
55,3,71,2.9166666666666665
55,4,77,3.1666666666666665
55,5,83,3.4166666666666665
55,6,89,3.6666666666666665
55,7,95,3.9166666666666665
55,8,101,4.166666666666667
55,9,107,4.416666666666667
55,10,113,4.666666666666667
55,11,119,4.916666666666667
55,12,125,5.166666666666667
55,13,131,5.416666666666667
55,14,137,5.666666666666667
55,15,143,5.916666666666667
55,16,149,6.166666666666667
55,17,155,6.416666666666667
55,18,161,6.666666666666667
55,19,167,6.916666666666667
55,20,173,7.166666666666667
55,21,179,7.416666666666667
55,22,185,7.666666666666667
55,23,191,7.916666666666667
55,24,197,8.166666666666666
56,1,58,2.375
56,2,64,2.625
56,3,70,2.875
56,4,76,3.125
56,5,82,3.375
56,6,88,3.625
56,7,94,3.875
56,8,100,4.125
56,9,106,4.375
56,10,112,4.625
56,11,118,4.875
56,12,124,5.125
56,13,130,5.375
56,14,136,5.625
56,15,142,5.875
56,16,148,6.125
56,17,154,6.375
56,18,160,6.625
56,19,166,6.875
56,20,172,7.125
56,21,178,7.375
56,22,184,7.625
56,23,190,7.875
56,24,196,8.125
57,1,57,2.3333333333333335
57,2,63,2.5833333333333335
57,3,69,2.8333333333333335
57,4,75,3.0833333333333335
57,5,81,3.3333333333333335
57,6,87,3.5833333333333335
57,7,93,3.8333333333333335
57,8,99,4.083333333333333
57,9,105,4.333333333333333
57,10,111,4.583333333333333
57,11,117,4.833333333333333
57,12,123,5.083333333333333
57,13,129,5.333333333333333
57,14,135,5.583333333333333
57,15,141,5.833333333333333
57,16,147,6.083333333333333
57,17,153,6.333333333333333
57,18,159,6.583333333333333
57,19,165,6.833333333333333
57,20,171,7.083333333333333
57,21,177,7.333333333333333
57,22,183,7.583333333333333
57,23,189,7.833333333333333
57,24,195,8.083333333333334
58,1,58,2.375
58,2,64,2.625
58,3,70,2.875
58,4,76,3.125
58,5,82,3.375
58,6,88,3.625
58,7,94,3.875
58,8,100,4.125
58,9,106,4.375
58,10,112,4.625
58,11,118,4.875
58,12,124,5.125
58,13,130,5.375
58,14,136,5.625
58,15,142,5.875
58,16,148,6.125
58,17,154,6.375
58,18,160,6.625
58,19,166,6.875
58,20,172,7.125
58,21,178,7.375
58,22,184,7.625
58,23,190,7.875
58,24,196,8.125
59,1,60,2.4583333333333335
59,2,66,2.7083333333333335
59,3,72,2.9583333333333335
59,4,78,3.2083333333333335
59,5,84,3.4583333333333335
59,6,90,3.7083333333333335
59,7,96,3.9583333333333335
59,8,102,4.208333333333333
59,9,108,4.458333333333333
59,10,114,4.708333333333333
59,11,120,4.958333333333333
59,12,126,5.208333333333333
59,13,132,5.458333333333333
59,14,138,5.708333333333333
59,15,144,5.958333333333333
59,16,150,6.208333333333333
59,17,156,6.458333333333333
59,18,162,6.708333333333333
59,19,168,6.958333333333333
59,20,174,7.208333333333333
59,21,180,7.458333333333333
59,22,186,7.708333333333333
59,23,192,7.958333333333333
59,24,198,8.208333333333334
60,1,60,2.4583333333333335
60,2,66,2.7083333333333335
60,3,72,2.9583333333333335
60,4,78,3.2083333333333335
60,5,84,3.4583333333333335
60,6,90,3.7083333333333335
60,7,96,3.9583333333333335
60,8,102,4.208333333333333
60,9,108,4.458333333333333
60,10,114,4.708333333333333
60,11,120,4.958333333333333
60,12,126,5.208333333333333
60,13,132,5.458333333333333
60,14,138,5.708333333333333
60,15,144,5.958333333333333
60,16,150,6.208333333333333
60,17,156,6.458333333333333
60,18,162,6.708333333333333
60,19,168,6.958333333333333
60,20,174,7.208333333333333
60,21,180,7.458333333333333
60,22,186,7.708333333333333
60,23,192,7.958333333333333
60,24,198,8.208333333333334
61,1,56,2.2916666666666665
61,2,62,2.5416666666666665
61,3,68,2.7916666666666665
61,4,74,3.0416666666666665
61,5,80,3.2916666666666665
61,6,86,3.5416666666666665
61,7,92,3.7916666666666665
61,8,98,4.041666666666667
61,9,104,4.291666666666667
61,10,110,4.541666666666667
61,11,116,4.791666666666667
61,12,122,5.041666666666667
61,13,128,5.291666666666667
61,14,134,5.541666666666667
61,15,140,5.791666666666667
61,16,146,6.041666666666667
61,17,152,6.291666666666667
61,18,158,6.541666666666667
61,19,164,6.791666666666667
61,20,170,7.041666666666667
61,21,176,7.291666666666667
61,22,182,7.541666666666667
61,23,188,7.791666666666667
61,24,194,8.041666666666666
62,1,57,2.3333333333333335
62,2,63,2.5833333333333335
62,3,69,2.8333333333333335
62,4,75,3.0833333333333335
62,5,81,3.3333333333333335
62,6,87,3.5833333333333335
62,7,93,3.8333333333333335
62,8,99,4.083333333333333
62,9,105,4.333333333333333
62,10,111,4.583333333333333
62,11,117,4.833333333333333
62,12,123,5.083333333333333
62,13,129,5.333333333333333
62,14,135,5.583333333333333
62,15,141,5.833333333333333
62,16,147,6.083333333333333
62,17,153,6.333333333333333
62,18,159,6.583333333333333
62,19,165,6.833333333333333
62,20,171,7.083333333333333
62,21,177,7.333333333333333
62,22,183,7.583333333333333
62,23,189,7.833333333333333
62,24,195,8.083333333333334
63,1,57,2.3333333333333335
63,2,63,2.5833333333333335
63,3,69,2.8333333333333335
63,4,75,3.0833333333333335
63,5,81,3.3333333333333335
63,6,87,3.5833333333333335
63,7,93,3.8333333333333335
63,8,99,4.083333333333333
63,9,105,4.333333333333333
63,10,111,4.583333333333333
63,11,117,4.833333333333333
63,12,123,5.083333333333333
63,13,129,5.333333333333333
63,14,135,5.583333333333333
63,15,141,5.833333333333333
63,16,147,6.083333333333333
63,17,153,6.333333333333333
63,18,159,6.583333333333333
63,19,165,6.833333333333333
63,20,171,7.083333333333333
63,21,177,7.333333333333333
63,22,183,7.583333333333333
63,23,189,7.833333333333333
63,24,195,8.083333333333334
64,1,58,2.375
64,2,64,2.625
64,3,70,2.875
64,4,76,3.125
64,5,82,3.375
64,6,88,3.625
64,7,94,3.875
64,8,100,4.125
64,9,106,4.375
64,10,112,4.625
64,11,118,4.875
64,12,124,5.125
64,13,130,5.375
64,14,136,5.625
64,15,142,5.875
64,16,148,6.125
64,17,154,6.375
64,18,160,6.625
64,19,166,6.875
64,20,172,7.125
64,21,178,7.375
64,22,184,7.625
64,23,190,7.875
64,24,196,8.125
65,1,59,2.4166666666666665
65,2,65,2.6666666666666665
65,3,71,2.9166666666666665
65,4,77,3.1666666666666665
65,5,83,3.4166666666666665
65,6,89,3.6666666666666665
65,7,95,3.9166666666666665
65,8,101,4.166666666666667
65,9,107,4.416666666666667
65,10,113,4.666666666666667
65,11,119,4.916666666666667
65,12,125,5.166666666666667
65,13,131,5.416666666666667
65,14,137,5.666666666666667
65,15,143,5.916666666666667
65,16,149,6.166666666666667
65,17,155,6.416666666666667
65,18,161,6.666666666666667
65,19,167,6.916666666666667
65,20,173,7.166666666666667
65,21,179,7.416666666666667
65,22,185,7.666666666666667
65,23,191,7.916666666666667
65,24,197,8.166666666666666
66,1,60,2.4583333333333335
66,2,66,2.7083333333333335
66,3,72,2.9583333333333335
66,4,78,3.2083333333333335
66,5,84,3.4583333333333335
66,6,90,3.7083333333333335
66,7,96,3.9583333333333335
66,8,102,4.208333333333333
66,9,108,4.458333333333333
66,10,114,4.708333333333333
66,11,120,4.958333333333333
66,12,126,5.208333333333333
66,13,132,5.458333333333333
66,14,138,5.708333333333333
66,15,144,5.958333333333333
66,16,150,6.208333333333333
66,17,156,6.458333333333333
66,18,162,6.708333333333333
66,19,168,6.958333333333333
66,20,174,7.208333333333333
66,21,180,7.458333333333333
66,22,186,7.708333333333333
66,23,192,7.958333333333333
66,24,198,8.208333333333334
67,1,60,2.4583333333333335
67,2,66,2.7083333333333335
67,3,72,2.9583333333333335
67,4,78,3.2083333333333335
67,5,84,3.4583333333333335
67,6,90,3.7083333333333335
67,7,96,3.9583333333333335
67,8,102,4.208333333333333
67,9,108,4.458333333333333
67,10,114,4.708333333333333
67,11,120,4.958333333333333
67,12,126,5.208333333333333
67,13,132,5.458333333333333
67,14,138,5.708333333333333
67,15,144,5.958333333333333
67,16,150,6.208333333333333
67,17,156,6.458333333333333
67,18,162,6.708333333333333
67,19,168,6.958333333333333
67,20,174,7.208333333333333
67,21,180,7.458333333333333
67,22,186,7.708333333333333
67,23,192,7.958333333333333
67,24,198,8.208333333333334
68,1,60,2.4583333333333335
68,2,66,2.7083333333333335
68,3,72,2.9583333333333335
68,4,78,3.2083333333333335
68,5,84,3.4583333333333335
68,6,90,3.7083333333333335
68,7,96,3.9583333333333335
68,8,102,4.208333333333333
68,9,108,4.458333333333333
68,10,114,4.708333333333333
68,11,120,4.958333333333333
68,12,126,5.208333333333333
68,13,132,5.458333333333333
68,14,138,5.708333333333333
68,15,144,5.958333333333333
68,16,150,6.208333333333333
68,17,156,6.458333333333333
68,18,162,6.708333333333333
68,19,168,6.958333333333333
68,20,174,7.208333333333333
68,21,180,7.458333333333333
68,22,186,7.708333333333333
68,23,192,7.958333333333333
68,24,198,8.208333333333334
69,1,60,2.4583333333333335
69,2,66,2.7083333333333335
69,3,72,2.9583333333333335
69,4,78,3.2083333333333335
69,5,84,3.4583333333333335
69,6,90,3.7083333333333335
69,7,96,3.9583333333333335
69,8,102,4.208333333333333
69,9,108,4.458333333333333
69,10,114,4.708333333333333
69,11,120,4.958333333333333
69,12,126,5.208333333333333
69,13,132,5.458333333333333
69,14,138,5.708333333333333
69,15,144,5.958333333333333
69,16,150,6.208333333333333
69,17,156,6.458333333333333
69,18,162,6.708333333333333
69,19,168,6.958333333333333
69,20,174,7.208333333333333
69,21,180,7.458333333333333
69,22,186,7.708333333333333
69,23,192,7.958333333333333
69,24,198,8.208333333333334
70,1,59,2.4166666666666665
70,2,65,2.6666666666666665
70,3,71,2.9166666666666665
70,4,77,3.1666666666666665
70,5,83,3.4166666666666665
70,6,89,3.6666666666666665
70,7,95,3.9166666666666665
70,8,101,4.166666666666667
70,9,107,4.416666666666667
70,10,113,4.666666666666667
70,11,119,4.916666666666667
70,12,125,5.166666666666667
70,13,131,5.416666666666667
70,14,137,5.666666666666667
70,15,143,5.916666666666667
70,16,149,6.166666666666667
70,17,155,6.416666666666667
70,18,161,6.666666666666667
70,19,167,6.916666666666667
70,20,173,7.166666666666667
70,21,179,7.416666666666667
70,22,185,7.666666666666667
70,23,191,7.916666666666667
70,24,197,8.166666666666666
71,1,60,2.4583333333333335
71,2,66,2.7083333333333335
71,3,72,2.9583333333333335
71,4,78,3.2083333333333335
71,5,84,3.4583333333333335
71,6,90,3.7083333333333335
71,7,96,3.9583333333333335
71,8,102,4.208333333333333
71,9,108,4.458333333333333
71,10,114,4.708333333333333
71,11,120,4.958333333333333
71,12,126,5.208333333333333
71,13,132,5.458333333333333
71,14,138,5.708333333333333
71,15,144,5.958333333333333
71,16,150,6.208333333333333
71,17,156,6.458333333333333
71,18,162,6.708333333333333
71,19,168,6.958333333333333
71,20,174,7.208333333333333
71,21,180,7.458333333333333
71,22,186,7.708333333333333
71,23,192,7.958333333333333
71,24,198,8.208333333333334
72,1,61,2.5
72,2,67,2.75
72,3,73,3.0
72,4,79,3.25
72,5,85,3.5
72,6,91,3.75
72,7,97,4.0
72,8,103,4.25
72,9,109,4.5
72,10,115,4.75
72,11,121,5.0
72,12,127,5.25
72,13,133,5.5
72,14,139,5.75
72,15,145,6.0
72,16,151,6.25
72,17,157,6.5
72,18,163,6.75
72,19,169,7.0
72,20,175,7.25
72,21,181,7.5
72,22,187,7.75
72,23,193,8.0
72,24,199,8.25
73,1,59,2.4166666666666665
73,2,65,2.6666666666666665
73,3,71,2.9166666666666665
73,4,77,3.1666666666666665
73,5,83,3.4166666666666665
73,6,89,3.6666666666666665
73,7,95,3.9166666666666665
73,8,101,4.166666666666667
73,9,107,4.416666666666667
73,10,113,4.666666666666667
73,11,119,4.916666666666667
73,12,125,5.166666666666667
73,13,131,5.416666666666667
73,14,137,5.666666666666667
73,15,143,5.916666666666667
73,16,149,6.166666666666667
73,17,155,6.416666666666667
73,18,161,6.666666666666667
73,19,167,6.916666666666667
73,20,173,7.166666666666667
73,21,179,7.416666666666667
73,22,185,7.666666666666667
73,23,191,7.916666666666667
73,24,197,8.166666666666666
74,1,59,2.4166666666666665
74,2,65,2.6666666666666665
74,3,71,2.9166666666666665
74,4,77,3.1666666666666665
74,5,83,3.4166666666666665
74,6,89,3.6666666666666665
74,7,95,3.9166666666666665
74,8,101,4.166666666666667
74,9,107,4.416666666666667
74,10,113,4.666666666666667
74,11,119,4.916666666666667
74,12,125,5.166666666666667
74,13,131,5.416666666666667
74,14,137,5.666666666666667
74,15,143,5.916666666666667
74,16,149,6.166666666666667
74,17,155,6.416666666666667
74,18,161,6.666666666666667
74,19,167,6.916666666666667
74,20,173,7.166666666666667
74,21,179,7.416666666666667
74,22,185,7.666666666666667
74,23,191,7.916666666666667
74,24,197,8.166666666666666
75,1,60,2.4583333333333335
75,2,66,2.7083333333333335
75,3,72,2.9583333333333335
75,4,78,3.2083333333333335
75,5,84,3.4583333333333335
75,6,90,3.7083333333333335
75,7,96,3.9583333333333335
75,8,102,4.208333333333333
75,9,108,4.458333333333333
75,10,114,4.708333333333333
75,11,120,4.958333333333333
75,12,126,5.208333333333333
75,13,132,5.458333333333333
75,14,138,5.708333333333333
75,15,144,5.958333333333333
75,16,150,6.208333333333333
75,17,156,6.458333333333333
75,18,162,6.708333333333333
75,19,168,6.958333333333333
75,20,174,7.208333333333333
75,21,180,7.458333333333333
75,22,186,7.708333333333333
75,23,192,7.958333333333333
75,24,198,8.208333333333334
76,1,59,2.4166666666666665
76,2,65,2.6666666666666665
76,3,71,2.9166666666666665
76,4,77,3.1666666666666665
76,5,83,3.4166666666666665
76,6,89,3.6666666666666665
76,7,95,3.9166666666666665
76,8,101,4.166666666666667
76,9,107,4.416666666666667
76,10,113,4.666666666666667
76,11,119,4.916666666666667
76,12,125,5.166666666666667
76,13,131,5.416666666666667
76,14,137,5.666666666666667
76,15,143,5.916666666666667
76,16,149,6.166666666666667
76,17,155,6.416666666666667
76,18,161,6.666666666666667
76,19,167,6.916666666666667
76,20,173,7.166666666666667
76,21,179,7.416666666666667
76,22,185,7.666666666666667
76,23,191,7.916666666666667
76,24,197,8.166666666666666
77,1,59,2.4166666666666665
77,2,65,2.6666666666666665
77,3,71,2.9166666666666665
77,4,77,3.1666666666666665
77,5,83,3.4166666666666665
77,6,89,3.6666666666666665
77,7,95,3.9166666666666665
77,8,101,4.166666666666667
77,9,107,4.416666666666667
77,10,113,4.666666666666667
77,11,119,4.916666666666667
77,12,125,5.166666666666667
77,13,131,5.416666666666667
77,14,137,5.666666666666667
77,15,143,5.916666666666667
77,16,149,6.166666666666667
77,17,155,6.416666666666667
77,18,161,6.666666666666667
77,19,167,6.916666666666667
77,20,173,7.166666666666667
77,21,179,7.416666666666667
77,22,185,7.666666666666667
77,23,191,7.916666666666667
77,24,197,8.166666666666666
78,1,60,2.4583333333333335
78,2,66,2.7083333333333335
78,3,72,2.9583333333333335
78,4,78,3.2083333333333335
78,5,84,3.4583333333333335
78,6,90,3.7083333333333335
78,7,96,3.9583333333333335
78,8,102,4.208333333333333
78,9,108,4.458333333333333
78,10,114,4.708333333333333
78,11,120,4.958333333333333
78,12,126,5.208333333333333
78,13,132,5.458333333333333
78,14,138,5.708333333333333
78,15,144,5.958333333333333
78,16,150,6.208333333333333
78,17,156,6.458333333333333
78,18,162,6.708333333333333
78,19,168,6.958333333333333
78,20,174,7.208333333333333
78,21,180,7.458333333333333
78,22,186,7.708333333333333
78,23,192,7.958333333333333
78,24,198,8.208333333333334
79,1,60,2.4583333333333335
79,2,66,2.7083333333333335
79,3,72,2.9583333333333335
79,4,78,3.2083333333333335
79,5,84,3.4583333333333335
79,6,90,3.7083333333333335
79,7,96,3.9583333333333335
79,8,102,4.208333333333333
79,9,108,4.458333333333333
79,10,114,4.708333333333333
79,11,120,4.958333333333333
79,12,126,5.208333333333333
79,13,132,5.458333333333333
79,14,138,5.708333333333333
79,15,144,5.958333333333333
79,16,150,6.208333333333333
79,17,156,6.458333333333333
79,18,162,6.708333333333333
79,19,168,6.958333333333333
79,20,174,7.208333333333333
79,21,180,7.458333333333333
79,22,186,7.708333333333333
79,23,192,7.958333333333333
79,24,198,8.208333333333334
80,1,61,2.5
80,2,67,2.75
80,3,73,3.0
80,4,79,3.25
80,5,85,3.5
80,6,91,3.75
80,7,97,4.0
80,8,103,4.25
80,9,109,4.5
80,10,115,4.75
80,11,121,5.0
80,12,127,5.25
80,13,133,5.5
80,14,139,5.75
80,15,145,6.0
80,16,151,6.25
80,17,157,6.5
80,18,163,6.75
80,19,169,7.0
80,20,175,7.25
80,21,181,7.5
80,22,187,7.75
80,23,193,8.0
80,24,199,8.25
81,1,60,2.4583333333333335
81,2,66,2.7083333333333335
81,3,72,2.9583333333333335
81,4,78,3.2083333333333335
81,5,84,3.4583333333333335
81,6,90,3.7083333333333335
81,7,96,3.9583333333333335
81,8,102,4.208333333333333
81,9,108,4.458333333333333
81,10,114,4.708333333333333
81,11,120,4.958333333333333
81,12,126,5.208333333333333
81,13,132,5.458333333333333
81,14,138,5.708333333333333
81,15,144,5.958333333333333
81,16,150,6.208333333333333
81,17,156,6.458333333333333
81,18,162,6.708333333333333
81,19,168,6.958333333333333
81,20,174,7.208333333333333
81,21,180,7.458333333333333
81,22,186,7.708333333333333
81,23,192,7.958333333333333
81,24,198,8.208333333333334
82,1,61,2.5
82,2,67,2.75
82,3,73,3.0
82,4,79,3.25
82,5,85,3.5
82,6,91,3.75
82,7,97,4.0
82,8,103,4.25
82,9,109,4.5
82,10,115,4.75
82,11,121,5.0
82,12,127,5.25
82,13,133,5.5
82,14,139,5.75
82,15,145,6.0
82,16,151,6.25
82,17,157,6.5
82,18,163,6.75
82,19,169,7.0
82,20,175,7.25
82,21,181,7.5
82,22,187,7.75
82,23,193,8.0
82,24,199,8.25
83,1,62,2.5416666666666665
83,2,68,2.7916666666666665
83,3,74,3.0416666666666665
83,4,80,3.2916666666666665
83,5,86,3.5416666666666665
83,6,92,3.7916666666666665
83,7,98,4.041666666666667
83,8,104,4.291666666666667
83,9,110,4.541666666666667
83,10,116,4.791666666666667
83,11,122,5.041666666666667
83,12,128,5.291666666666667
83,13,134,5.541666666666667
83,14,140,5.791666666666667
83,15,146,6.041666666666667
83,16,152,6.291666666666667
83,17,158,6.541666666666667
83,18,164,6.791666666666667
83,19,170,7.041666666666667
83,20,176,7.291666666666667
83,21,182,7.541666666666667
83,22,188,7.791666666666667
83,23,194,8.041666666666666
83,24,200,8.291666666666666
84,1,63,2.5833333333333335
84,2,69,2.8333333333333335
84,3,75,3.0833333333333335
84,4,81,3.3333333333333335
84,5,87,3.5833333333333335
84,6,93,3.8333333333333335
84,7,99,4.083333333333333
84,8,105,4.333333333333333
84,9,111,4.583333333333333
84,10,117,4.833333333333333
84,11,123,5.083333333333333
84,12,129,5.333333333333333
84,13,135,5.583333333333333
84,14,141,5.833333333333333
84,15,147,6.083333333333333
84,16,153,6.333333333333333
84,17,159,6.583333333333333
84,18,165,6.833333333333333
84,19,171,7.083333333333333
84,20,177,7.333333333333333
84,21,183,7.583333333333333
84,22,189,7.833333333333333
84,23,195,8.083333333333334
84,24,201,8.333333333333334
85,1,59,2.4166666666666665
85,2,65,2.6666666666666665
85,3,71,2.9166666666666665
85,4,77,3.1666666666666665
85,5,83,3.4166666666666665
85,6,89,3.6666666666666665
85,7,95,3.9166666666666665
85,8,101,4.166666666666667
85,9,107,4.416666666666667
85,10,113,4.666666666666667
85,11,119,4.916666666666667
85,12,125,5.166666666666667
85,13,131,5.416666666666667
85,14,137,5.666666666666667
85,15,143,5.916666666666667
85,16,149,6.166666666666667
85,17,155,6.416666666666667
85,18,161,6.666666666666667
85,19,167,6.916666666666667
85,20,173,7.166666666666667
85,21,179,7.416666666666667
85,22,185,7.666666666666667
85,23,191,7.916666666666667
85,24,197,8.166666666666666
86,1,60,2.4583333333333335
86,2,66,2.7083333333333335
86,3,72,2.9583333333333335
86,4,78,3.2083333333333335
86,5,84,3.4583333333333335
86,6,90,3.7083333333333335
86,7,96,3.9583333333333335
86,8,102,4.208333333333333
86,9,108,4.458333333333333
86,10,114,4.708333333333333
86,11,120,4.958333333333333
86,12,126,5.208333333333333
86,13,132,5.458333333333333
86,14,138,5.708333333333333
86,15,144,5.958333333333333
86,16,150,6.208333333333333
86,17,156,6.458333333333333
86,18,162,6.708333333333333
86,19,168,6.958333333333333
86,20,174,7.208333333333333
86,21,180,7.458333333333333
86,22,186,7.708333333333333
86,23,192,7.958333333333333
86,24,198,8.208333333333334
87,1,61,2.5
87,2,67,2.75
87,3,73,3.0
87,4,79,3.25
87,5,85,3.5
87,6,91,3.75
87,7,97,4.0
87,8,103,4.25
87,9,109,4.5
87,10,115,4.75
87,11,121,5.0
87,12,127,5.25
87,13,133,5.5
87,14,139,5.75
87,15,145,6.0
87,16,151,6.25
87,17,157,6.5
87,18,163,6.75
87,19,169,7.0
87,20,175,7.25
87,21,181,7.5
87,22,187,7.75
87,23,193,8.0
87,24,199,8.25
88,1,60,2.4583333333333335
88,2,66,2.7083333333333335
88,3,72,2.9583333333333335
88,4,78,3.2083333333333335
88,5,84,3.4583333333333335
88,6,90,3.7083333333333335
88,7,96,3.9583333333333335
88,8,102,4.208333333333333
88,9,108,4.458333333333333
88,10,114,4.708333333333333
88,11,120,4.958333333333333
88,12,126,5.208333333333333
88,13,132,5.458333333333333
88,14,138,5.708333333333333
88,15,144,5.958333333333333
88,16,150,6.208333333333333
88,17,156,6.458333333333333
88,18,162,6.708333333333333
88,19,168,6.958333333333333
88,20,174,7.208333333333333
88,21,180,7.458333333333333
88,22,186,7.708333333333333
88,23,192,7.958333333333333
88,24,198,8.208333333333334
89,1,62,2.5416666666666665
89,2,68,2.7916666666666665
89,3,74,3.0416666666666665
89,4,80,3.2916666666666665
89,5,86,3.5416666666666665
89,6,92,3.7916666666666665
89,7,98,4.041666666666667
89,8,104,4.291666666666667
89,9,110,4.541666666666667
89,10,116,4.791666666666667
89,11,122,5.041666666666667
89,12,128,5.291666666666667
89,13,134,5.541666666666667
89,14,140,5.791666666666667
89,15,146,6.041666666666667
89,16,152,6.291666666666667
89,17,158,6.541666666666667
89,18,164,6.791666666666667
89,19,170,7.041666666666667
89,20,176,7.291666666666667
89,21,182,7.541666666666667
89,22,188,7.791666666666667
89,23,194,8.041666666666666
89,24,200,8.291666666666666
90,1,61,2.5
90,2,67,2.75
90,3,73,3.0
90,4,79,3.25
90,5,85,3.5
90,6,91,3.75
90,7,97,4.0
90,8,103,4.25
90,9,109,4.5
90,10,115,4.75
90,11,121,5.0
90,12,127,5.25
90,13,133,5.5
90,14,139,5.75
90,15,145,6.0
90,16,151,6.25
90,17,157,6.5
90,18,163,6.75
90,19,169,7.0
90,20,175,7.25
90,21,181,7.5
90,22,187,7.75
90,23,193,8.0
90,24,199,8.25
91,1,61,2.5
91,2,67,2.75
91,3,73,3.0
91,4,79,3.25
91,5,85,3.5
91,6,91,3.75
91,7,97,4.0
91,8,103,4.25
91,9,109,4.5
91,10,115,4.75
91,11,121,5.0
91,12,127,5.25
91,13,133,5.5
91,14,139,5.75
91,15,145,6.0
91,16,151,6.25
91,17,157,6.5
91,18,163,6.75
91,19,169,7.0
91,20,175,7.25
91,21,181,7.5
91,22,187,7.75
91,23,193,8.0
91,24,199,8.25
92,1,61,2.5
92,2,67,2.75
92,3,73,3.0
92,4,79,3.25
92,5,85,3.5
92,6,91,3.75
92,7,97,4.0
92,8,103,4.25
92,9,109,4.5
92,10,115,4.75
92,11,121,5.0
92,12,127,5.25
92,13,133,5.5
92,14,139,5.75
92,15,145,6.0
92,16,151,6.25
92,17,157,6.5
92,18,163,6.75
92,19,169,7.0
92,20,175,7.25
92,21,181,7.5
92,22,187,7.75
92,23,193,8.0
92,24,199,8.25
93,1,63,2.5833333333333335
93,2,69,2.8333333333333335
93,3,75,3.0833333333333335
93,4,81,3.3333333333333335
93,5,87,3.5833333333333335
93,6,93,3.8333333333333335
93,7,99,4.083333333333333
93,8,105,4.333333333333333
93,9,111,4.583333333333333
93,10,117,4.833333333333333
93,11,123,5.083333333333333
93,12,129,5.333333333333333
93,13,135,5.583333333333333
93,14,141,5.833333333333333
93,15,147,6.083333333333333
93,16,153,6.333333333333333
93,17,159,6.583333333333333
93,18,165,6.833333333333333
93,19,171,7.083333333333333
93,20,177,7.333333333333333
93,21,183,7.583333333333333
93,22,189,7.833333333333333
93,23,195,8.083333333333334
93,24,201,8.333333333333334
94,1,63,2.5833333333333335
94,2,69,2.8333333333333335
94,3,75,3.0833333333333335
94,4,81,3.3333333333333335
94,5,87,3.5833333333333335
94,6,93,3.8333333333333335
94,7,99,4.083333333333333
94,8,105,4.333333333333333
94,9,111,4.583333333333333
94,10,117,4.833333333333333
94,11,123,5.083333333333333
94,12,129,5.333333333333333
94,13,135,5.583333333333333
94,14,141,5.833333333333333
94,15,147,6.083333333333333
94,16,153,6.333333333333333
94,17,159,6.583333333333333
94,18,165,6.833333333333333
94,19,171,7.083333333333333
94,20,177,7.333333333333333
94,21,183,7.583333333333333
94,22,189,7.833333333333333
94,23,195,8.083333333333334
94,24,201,8.333333333333334
95,1,63,2.5833333333333335
95,2,69,2.8333333333333335
95,3,75,3.0833333333333335
95,4,81,3.3333333333333335
95,5,87,3.5833333333333335
95,6,93,3.8333333333333335
95,7,99,4.083333333333333
95,8,105,4.333333333333333
95,9,111,4.583333333333333
95,10,117,4.833333333333333
95,11,123,5.083333333333333
95,12,129,5.333333333333333
95,13,135,5.583333333333333
95,14,141,5.833333333333333
95,15,147,6.083333333333333
95,16,153,6.333333333333333
95,17,159,6.583333333333333
95,18,165,6.833333333333333
95,19,171,7.083333333333333
95,20,177,7.333333333333333
95,21,183,7.583333333333333
95,22,189,7.833333333333333
95,23,195,8.083333333333334
95,24,201,8.333333333333334
96,1,63,2.5833333333333335
96,2,69,2.8333333333333335
96,3,75,3.0833333333333335
96,4,81,3.3333333333333335
96,5,87,3.5833333333333335
96,6,93,3.8333333333333335
96,7,99,4.083333333333333
96,8,105,4.333333333333333
96,9,111,4.583333333333333
96,10,117,4.833333333333333
96,11,123,5.083333333333333
96,12,129,5.333333333333333
96,13,135,5.583333333333333
96,14,141,5.833333333333333
96,15,147,6.083333333333333
96,16,153,6.333333333333333
96,17,159,6.583333333333333
96,18,165,6.833333333333333
96,19,171,7.083333333333333
96,20,177,7.333333333333333
96,21,183,7.583333333333333
96,22,189,7.833333333333333
96,23,195,8.083333333333334
96,24,201,8.333333333333334
97,1,61,2.5
97,2,67,2.75
97,3,73,3.0
97,4,79,3.25
97,5,85,3.5
97,6,91,3.75
97,7,97,4.0
97,8,103,4.25
97,9,109,4.5
97,10,115,4.75
97,11,121,5.0
97,12,127,5.25
97,13,133,5.5
97,14,139,5.75
97,15,145,6.0
97,16,151,6.25
97,17,157,6.5
97,18,163,6.75
97,19,169,7.0
97,20,175,7.25
97,21,181,7.5
97,22,187,7.75
97,23,193,8.0
97,24,199,8.25
98,1,62,2.5416666666666665
98,2,68,2.7916666666666665
98,3,74,3.0416666666666665
98,4,80,3.2916666666666665
98,5,86,3.5416666666666665
98,6,92,3.7916666666666665
98,7,98,4.041666666666667
98,8,104,4.291666666666667
98,9,110,4.541666666666667
98,10,116,4.791666666666667
98,11,122,5.041666666666667
98,12,128,5.291666666666667
98,13,134,5.541666666666667
98,14,140,5.791666666666667
98,15,146,6.041666666666667
98,16,152,6.291666666666667
98,17,158,6.541666666666667
98,18,164,6.791666666666667
98,19,170,7.041666666666667
98,20,176,7.291666666666667
98,21,182,7.541666666666667
98,22,188,7.791666666666667
98,23,194,8.041666666666666
98,24,200,8.291666666666666
99,1,62,2.5416666666666665
99,2,68,2.7916666666666665
99,3,74,3.0416666666666665
99,4,80,3.2916666666666665
99,5,86,3.5416666666666665
99,6,92,3.7916666666666665
99,7,98,4.041666666666667
99,8,104,4.291666666666667
99,9,110,4.541666666666667
99,10,116,4.791666666666667
99,11,122,5.041666666666667
99,12,128,5.291666666666667
99,13,134,5.541666666666667
99,14,140,5.791666666666667
99,15,146,6.041666666666667
99,16,152,6.291666666666667
99,17,158,6.541666666666667
99,18,164,6.791666666666667
99,19,170,7.041666666666667
99,20,176,7.291666666666667
99,21,182,7.541666666666667
99,22,188,7.791666666666667
99,23,194,8.041666666666666
99,24,200,8.291666666666666
100,1,63,2.5833333333333335
100,2,69,2.8333333333333335
100,3,75,3.0833333333333335
100,4,81,3.3333333333333335
100,5,87,3.5833333333333335
100,6,93,3.8333333333333335
100,7,99,4.083333333333333
100,8,105,4.333333333333333
100,9,111,4.583333333333333
100,10,117,4.833333333333333
100,11,123,5.083333333333333
100,12,129,5.333333333333333
100,13,135,5.583333333333333
100,14,141,5.833333333333333
100,15,147,6.083333333333333
100,16,153,6.333333333333333
100,17,159,6.583333333333333
100,18,165,6.833333333333333
100,19,171,7.083333333333333
100,20,177,7.333333333333333
100,21,183,7.583333333333333
100,22,189,7.833333333333333
100,23,195,8.083333333333334
100,24,201,8.333333333333334
101,1,61,2.5
101,2,67,2.75
101,3,73,3.0
101,4,79,3.25
101,5,85,3.5
101,6,91,3.75
101,7,97,4.0
101,8,103,4.25
101,9,109,4.5
101,10,115,4.75
101,11,121,5.0
101,12,127,5.25
101,13,133,5.5
101,14,139,5.75
101,15,145,6.0
101,16,151,6.25
101,17,157,6.5
101,18,163,6.75
101,19,169,7.0
101,20,175,7.25
101,21,181,7.5
101,22,187,7.75
101,23,193,8.0
101,24,199,8.25
102,1,63,2.5833333333333335
102,2,69,2.8333333333333335
102,3,75,3.0833333333333335
102,4,81,3.3333333333333335
102,5,87,3.5833333333333335
102,6,93,3.8333333333333335
102,7,99,4.083333333333333
102,8,105,4.333333333333333
102,9,111,4.583333333333333
102,10,117,4.833333333333333
102,11,123,5.083333333333333
102,12,129,5.333333333333333
102,13,135,5.583333333333333
102,14,141,5.833333333333333
102,15,147,6.083333333333333
102,16,153,6.333333333333333
102,17,159,6.583333333333333
102,18,165,6.833333333333333
102,19,171,7.083333333333333
102,20,177,7.333333333333333
102,21,183,7.583333333333333
102,22,189,7.833333333333333
102,23,195,8.083333333333334
102,24,201,8.333333333333334
103,1,63,2.5833333333333335
103,2,69,2.8333333333333335
103,3,75,3.0833333333333335
103,4,81,3.3333333333333335
103,5,87,3.5833333333333335
103,6,93,3.8333333333333335
103,7,99,4.083333333333333
103,8,105,4.333333333333333
103,9,111,4.583333333333333
103,10,117,4.833333333333333
103,11,123,5.083333333333333
103,12,129,5.333333333333333
103,13,135,5.583333333333333
103,14,141,5.833333333333333
103,15,147,6.083333333333333
103,16,153,6.333333333333333
103,17,159,6.583333333333333
103,18,165,6.833333333333333
103,19,171,7.083333333333333
103,20,177,7.333333333333333
103,21,183,7.583333333333333
103,22,189,7.833333333333333
103,23,195,8.083333333333334
103,24,201,8.333333333333334
104,1,63,2.5833333333333335
104,2,69,2.8333333333333335
104,3,75,3.0833333333333335
104,4,81,3.3333333333333335
104,5,87,3.5833333333333335
104,6,93,3.8333333333333335
104,7,99,4.083333333333333
104,8,105,4.333333333333333
104,9,111,4.583333333333333
104,10,117,4.833333333333333
104,11,123,5.083333333333333
104,12,129,5.333333333333333
104,13,135,5.583333333333333
104,14,141,5.833333333333333
104,15,147,6.083333333333333
104,16,153,6.333333333333333
104,17,159,6.583333333333333
104,18,165,6.833333333333333
104,19,171,7.083333333333333
104,20,177,7.333333333333333
104,21,183,7.583333333333333
104,22,189,7.833333333333333
104,23,195,8.083333333333334
104,24,201,8.333333333333334
105,1,63,2.5833333333333335
105,2,69,2.8333333333333335
105,3,75,3.0833333333333335
105,4,81,3.3333333333333335
105,5,87,3.5833333333333335
105,6,93,3.8333333333333335
105,7,99,4.083333333333333
105,8,105,4.333333333333333
105,9,111,4.583333333333333
105,10,117,4.833333333333333
105,11,123,5.083333333333333
105,12,129,5.333333333333333
105,13,135,5.583333333333333
105,14,141,5.833333333333333
105,15,147,6.083333333333333
105,16,153,6.333333333333333
105,17,159,6.583333333333333
105,18,165,6.833333333333333
105,19,171,7.083333333333333
105,20,177,7.333333333333333
105,21,183,7.583333333333333
105,22,189,7.833333333333333
105,23,195,8.083333333333334
105,24,201,8.333333333333334
106,1,65,2.6666666666666665
106,2,71,2.9166666666666665
106,3,77,3.1666666666666665
106,4,83,3.4166666666666665
106,5,89,3.6666666666666665
106,6,95,3.9166666666666665
106,7,101,4.166666666666667
106,8,107,4.416666666666667
106,9,113,4.666666666666667
106,10,119,4.916666666666667
106,11,125,5.166666666666667
106,12,131,5.416666666666667
106,13,137,5.666666666666667
106,14,143,5.916666666666667
106,15,149,6.166666666666667
106,16,155,6.416666666666667
106,17,161,6.666666666666667
106,18,167,6.916666666666667
106,19,173,7.166666666666667
106,20,179,7.416666666666667
106,21,185,7.666666666666667
106,22,191,7.916666666666667
106,23,197,8.166666666666666
106,24,203,8.416666666666666
107,1,65,2.6666666666666665
107,2,71,2.9166666666666665
107,3,77,3.1666666666666665
107,4,83,3.4166666666666665
107,5,89,3.6666666666666665
107,6,95,3.9166666666666665
107,7,101,4.166666666666667
107,8,107,4.416666666666667
107,9,113,4.666666666666667
107,10,119,4.916666666666667
107,11,125,5.166666666666667
107,12,131,5.416666666666667
107,13,137,5.666666666666667
107,14,143,5.916666666666667
107,15,149,6.166666666666667
107,16,155,6.416666666666667
107,17,161,6.666666666666667
107,18,167,6.916666666666667
107,19,173,7.166666666666667
107,20,179,7.416666666666667
107,21,185,7.666666666666667
107,22,191,7.916666666666667
107,23,197,8.166666666666666
107,24,203,8.416666666666666
108,1,65,2.6666666666666665
108,2,71,2.9166666666666665
108,3,77,3.1666666666666665
108,4,83,3.4166666666666665
108,5,89,3.6666666666666665
108,6,95,3.9166666666666665
108,7,101,4.166666666666667
108,8,107,4.416666666666667
108,9,113,4.666666666666667
108,10,119,4.916666666666667
108,11,125,5.166666666666667
108,12,131,5.416666666666667
108,13,137,5.666666666666667
108,14,143,5.916666666666667
108,15,149,6.166666666666667
108,16,155,6.416666666666667
108,17,161,6.666666666666667
108,18,167,6.916666666666667
108,19,173,7.166666666666667
108,20,179,7.416666666666667
108,21,185,7.666666666666667
108,22,191,7.916666666666667
108,23,197,8.166666666666666
108,24,203,8.416666666666666
109,1,63,2.5833333333333335
109,2,69,2.8333333333333335
109,3,75,3.0833333333333335
109,4,81,3.3333333333333335
109,5,87,3.5833333333333335
109,6,93,3.8333333333333335
109,7,99,4.083333333333333
109,8,105,4.333333333333333
109,9,111,4.583333333333333
109,10,117,4.833333333333333
109,11,123,5.083333333333333
109,12,129,5.333333333333333
109,13,135,5.583333333333333
109,14,141,5.833333333333333
109,15,147,6.083333333333333
109,16,153,6.333333333333333
109,17,159,6.583333333333333
109,18,165,6.833333333333333
109,19,171,7.083333333333333
109,20,177,7.333333333333333
109,21,183,7.583333333333333
109,22,189,7.833333333333333
109,23,195,8.083333333333334
109,24,201,8.333333333333334
110,1,63,2.5833333333333335
110,2,69,2.8333333333333335
110,3,75,3.0833333333333335
110,4,81,3.3333333333333335
110,5,87,3.5833333333333335
110,6,93,3.8333333333333335
110,7,99,4.083333333333333
110,8,105,4.333333333333333
110,9,111,4.583333333333333
110,10,117,4.833333333333333
110,11,123,5.083333333333333
110,12,129,5.333333333333333
110,13,135,5.583333333333333
110,14,141,5.833333333333333
110,15,147,6.083333333333333
110,16,153,6.333333333333333
110,17,159,6.583333333333333
110,18,165,6.833333333333333
110,19,171,7.083333333333333
110,20,177,7.333333333333333
110,21,183,7.583333333333333
110,22,189,7.833333333333333
110,23,195,8.083333333333334
110,24,201,8.333333333333334
111,1,63,2.5833333333333335
111,2,69,2.8333333333333335
111,3,75,3.0833333333333335
111,4,81,3.3333333333333335
111,5,87,3.5833333333333335
111,6,93,3.8333333333333335
111,7,99,4.083333333333333
111,8,105,4.333333333333333
111,9,111,4.583333333333333
111,10,117,4.833333333333333
111,11,123,5.083333333333333
111,12,129,5.333333333333333
111,13,135,5.583333333333333
111,14,141,5.833333333333333
111,15,147,6.083333333333333
111,16,153,6.333333333333333
111,17,159,6.583333333333333
111,18,165,6.833333333333333
111,19,171,7.083333333333333
111,20,177,7.333333333333333
111,21,183,7.583333333333333
111,22,189,7.833333333333333
111,23,195,8.083333333333334
111,24,201,8.333333333333334
112,1,63,2.5833333333333335
112,2,69,2.8333333333333335
112,3,75,3.0833333333333335
112,4,81,3.3333333333333335
112,5,87,3.5833333333333335
112,6,93,3.8333333333333335
112,7,99,4.083333333333333
112,8,105,4.333333333333333
112,9,111,4.583333333333333
112,10,117,4.833333333333333
112,11,123,5.083333333333333
112,12,129,5.333333333333333
112,13,135,5.583333333333333
112,14,141,5.833333333333333
112,15,147,6.083333333333333
112,16,153,6.333333333333333
112,17,159,6.583333333333333
112,18,165,6.833333333333333
112,19,171,7.083333333333333
112,20,177,7.333333333333333
112,21,183,7.583333333333333
112,22,189,7.833333333333333
112,23,195,8.083333333333334
112,24,201,8.333333333333334
113,1,64,2.625
113,2,70,2.875
113,3,76,3.125
113,4,82,3.375
113,5,88,3.625
113,6,94,3.875
113,7,100,4.125
113,8,106,4.375
113,9,112,4.625
113,10,118,4.875
113,11,124,5.125
113,12,130,5.375
113,13,136,5.625
113,14,142,5.875
113,15,148,6.125
113,16,154,6.375
113,17,160,6.625
113,18,166,6.875
113,19,172,7.125
113,20,178,7.375
113,21,184,7.625
113,22,190,7.875
113,23,196,8.125
113,24,202,8.375
114,1,64,2.625
114,2,70,2.875
114,3,76,3.125
114,4,82,3.375
114,5,88,3.625
114,6,94,3.875
114,7,100,4.125
114,8,106,4.375
114,9,112,4.625
114,10,118,4.875
114,11,124,5.125
114,12,130,5.375
114,13,136,5.625
114,14,142,5.875
114,15,148,6.125
114,16,154,6.375
114,17,160,6.625
114,18,166,6.875
114,19,172,7.125
114,20,178,7.375
114,21,184,7.625
114,22,190,7.875
114,23,196,8.125
114,24,202,8.375
115,1,64,2.625
115,2,70,2.875
115,3,76,3.125
115,4,82,3.375
115,5,88,3.625
115,6,94,3.875
115,7,100,4.125
115,8,106,4.375
115,9,112,4.625
115,10,118,4.875
115,11,124,5.125
115,12,130,5.375
115,13,136,5.625
115,14,142,5.875
115,15,148,6.125
115,16,154,6.375
115,17,160,6.625
115,18,166,6.875
115,19,172,7.125
115,20,178,7.375
115,21,184,7.625
115,22,190,7.875
115,23,196,8.125
115,24,202,8.375
116,1,65,2.6666666666666665
116,2,71,2.9166666666666665
116,3,77,3.1666666666666665
116,4,83,3.4166666666666665
116,5,89,3.6666666666666665
116,6,95,3.9166666666666665
116,7,101,4.166666666666667
116,8,107,4.416666666666667
116,9,113,4.666666666666667
116,10,119,4.916666666666667
116,11,125,5.166666666666667
116,12,131,5.416666666666667
116,13,137,5.666666666666667
116,14,143,5.916666666666667
116,15,149,6.166666666666667
116,16,155,6.416666666666667
116,17,161,6.666666666666667
116,18,167,6.916666666666667
116,19,173,7.166666666666667
116,20,179,7.416666666666667
116,21,185,7.666666666666667
116,22,191,7.916666666666667
116,23,197,8.166666666666666
116,24,203,8.416666666666666
117,1,66,2.7083333333333335
117,2,72,2.9583333333333335
117,3,78,3.2083333333333335
117,4,84,3.4583333333333335
117,5,90,3.7083333333333335
117,6,96,3.9583333333333335
117,7,102,4.208333333333333
117,8,108,4.458333333333333
117,9,114,4.708333333333333
117,10,120,4.958333333333333
117,11,126,5.208333333333333
117,12,132,5.458333333333333
117,13,138,5.708333333333333
117,14,144,5.958333333333333
117,15,150,6.208333333333333
117,16,156,6.458333333333333
117,17,162,6.708333333333333
117,18,168,6.958333333333333
117,19,174,7.208333333333333
117,20,180,7.458333333333333
117,21,186,7.708333333333333
117,22,192,7.958333333333333
117,23,198,8.208333333333334
117,24,204,8.458333333333334
118,1,65,2.6666666666666665
118,2,71,2.9166666666666665
118,3,77,3.1666666666666665
118,4,83,3.4166666666666665
118,5,89,3.6666666666666665
118,6,95,3.9166666666666665
118,7,101,4.166666666666667
118,8,107,4.416666666666667
118,9,113,4.666666666666667
118,10,119,4.916666666666667
118,11,125,5.166666666666667
118,12,131,5.416666666666667
118,13,137,5.666666666666667
118,14,143,5.916666666666667
118,15,149,6.166666666666667
118,16,155,6.416666666666667
118,17,161,6.666666666666667
118,18,167,6.916666666666667
118,19,173,7.166666666666667
118,20,179,7.416666666666667
118,21,185,7.666666666666667
118,22,191,7.916666666666667
118,23,197,8.166666666666666
118,24,203,8.416666666666666
119,1,66,2.7083333333333335
119,2,72,2.9583333333333335
119,3,78,3.2083333333333335
119,4,84,3.4583333333333335
119,5,90,3.7083333333333335
119,6,96,3.9583333333333335
119,7,102,4.208333333333333
119,8,108,4.458333333333333
119,9,114,4.708333333333333
119,10,120,4.958333333333333
119,11,126,5.208333333333333
119,12,132,5.458333333333333
119,13,138,5.708333333333333
119,14,144,5.958333333333333
119,15,150,6.208333333333333
119,16,156,6.458333333333333
119,17,162,6.708333333333333
119,18,168,6.958333333333333
119,19,174,7.208333333333333
119,20,180,7.458333333333333
119,21,186,7.708333333333333
119,22,192,7.958333333333333
119,23,198,8.208333333333334
119,24,204,8.458333333333334
120,1,66,2.7083333333333335
120,2,72,2.9583333333333335
120,3,78,3.2083333333333335
120,4,84,3.4583333333333335
120,5,90,3.7083333333333335
120,6,96,3.9583333333333335
120,7,102,4.208333333333333
120,8,108,4.458333333333333
120,9,114,4.708333333333333
120,10,120,4.958333333333333
120,11,126,5.208333333333333
120,12,132,5.458333333333333
120,13,138,5.708333333333333
120,14,144,5.958333333333333
120,15,150,6.208333333333333
120,16,156,6.458333333333333
120,17,162,6.708333333333333
120,18,168,6.958333333333333
120,19,174,7.208333333333333
120,20,180,7.458333333333333
120,21,186,7.708333333333333
120,22,192,7.958333333333333
120,23,198,8.208333333333334
120,24,204,8.458333333333334
121,1,63,2.5833333333333335
121,2,69,2.8333333333333335
121,3,75,3.0833333333333335
121,4,81,3.3333333333333335
121,5,87,3.5833333333333335
121,6,93,3.8333333333333335
121,7,99,4.083333333333333
121,8,105,4.333333333333333
121,9,111,4.583333333333333
121,10,117,4.833333333333333
121,11,123,5.083333333333333
121,12,129,5.333333333333333
121,13,135,5.583333333333333
121,14,141,5.833333333333333
121,15,147,6.083333333333333
121,16,153,6.333333333333333
121,17,159,6.583333333333333
121,18,165,6.833333333333333
121,19,171,7.083333333333333
121,20,177,7.333333333333333
121,21,183,7.583333333333333
121,22,189,7.833333333333333
121,23,195,8.083333333333334
121,24,201,8.333333333333334
122,1,64,2.625
122,2,70,2.875
122,3,76,3.125
122,4,82,3.375
122,5,88,3.625
122,6,94,3.875
122,7,100,4.125
122,8,106,4.375
122,9,112,4.625
122,10,118,4.875
122,11,124,5.125
122,12,130,5.375
122,13,136,5.625
122,14,142,5.875
122,15,148,6.125
122,16,154,6.375
122,17,160,6.625
122,18,166,6.875
122,19,172,7.125
122,20,178,7.375
122,21,184,7.625
122,22,190,7.875
122,23,196,8.125
122,24,202,8.375
123,1,63,2.5833333333333335
123,2,69,2.8333333333333335
123,3,75,3.0833333333333335
123,4,81,3.3333333333333335
123,5,87,3.5833333333333335
123,6,93,3.8333333333333335
123,7,99,4.083333333333333
123,8,105,4.333333333333333
123,9,111,4.583333333333333
123,10,117,4.833333333333333
123,11,123,5.083333333333333
123,12,129,5.333333333333333
123,13,135,5.583333333333333
123,14,141,5.833333333333333
123,15,147,6.083333333333333
123,16,153,6.333333333333333
123,17,159,6.583333333333333
123,18,165,6.833333333333333
123,19,171,7.083333333333333
123,20,177,7.333333333333333
123,21,183,7.583333333333333
123,22,189,7.833333333333333
123,23,195,8.083333333333334
123,24,201,8.333333333333334
124,1,65,2.6666666666666665
124,2,71,2.9166666666666665
124,3,77,3.1666666666666665
124,4,83,3.4166666666666665
124,5,89,3.6666666666666665
124,6,95,3.9166666666666665
124,7,101,4.166666666666667
124,8,107,4.416666666666667
124,9,113,4.666666666666667
124,10,119,4.916666666666667
124,11,125,5.166666666666667
124,12,131,5.416666666666667
124,13,137,5.666666666666667
124,14,143,5.916666666666667
124,15,149,6.166666666666667
124,16,155,6.416666666666667
124,17,161,6.666666666666667
124,18,167,6.916666666666667
124,19,173,7.166666666666667
124,20,179,7.416666666666667
124,21,185,7.666666666666667
124,22,191,7.916666666666667
124,23,197,8.166666666666666
124,24,203,8.416666666666666
125,1,65,2.6666666666666665
125,2,71,2.9166666666666665
125,3,77,3.1666666666666665
125,4,83,3.4166666666666665
125,5,89,3.6666666666666665
125,6,95,3.9166666666666665
125,7,101,4.166666666666667
125,8,107,4.416666666666667
125,9,113,4.666666666666667
125,10,119,4.916666666666667
125,11,125,5.166666666666667
125,12,131,5.416666666666667
125,13,137,5.666666666666667
125,14,143,5.916666666666667
125,15,149,6.166666666666667
125,16,155,6.416666666666667
125,17,161,6.666666666666667
125,18,167,6.916666666666667
125,19,173,7.166666666666667
125,20,179,7.416666666666667
125,21,185,7.666666666666667
125,22,191,7.916666666666667
125,23,197,8.166666666666666
125,24,203,8.416666666666666
126,1,65,2.6666666666666665
126,2,71,2.9166666666666665
126,3,77,3.1666666666666665
126,4,83,3.4166666666666665
126,5,89,3.6666666666666665
126,6,95,3.9166666666666665
126,7,101,4.166666666666667
126,8,107,4.416666666666667
126,9,113,4.666666666666667
126,10,119,4.916666666666667
126,11,125,5.166666666666667
126,12,131,5.416666666666667
126,13,137,5.666666666666667
126,14,143,5.916666666666667
126,15,149,6.166666666666667
126,16,155,6.416666666666667
126,17,161,6.666666666666667
126,18,167,6.916666666666667
126,19,173,7.166666666666667
126,20,179,7.416666666666667
126,21,185,7.666666666666667
126,22,191,7.916666666666667
126,23,197,8.166666666666666
126,24,203,8.416666666666666
127,1,66,2.7083333333333335
127,2,72,2.9583333333333335
127,3,78,3.2083333333333335
127,4,84,3.4583333333333335
127,5,90,3.7083333333333335
127,6,96,3.9583333333333335
127,7,102,4.208333333333333
127,8,108,4.458333333333333
127,9,114,4.708333333333333
127,10,120,4.958333333333333
127,11,126,5.208333333333333
127,12,132,5.458333333333333
127,13,138,5.708333333333333
127,14,144,5.958333333333333
127,15,150,6.208333333333333
127,16,156,6.458333333333333
127,17,162,6.708333333333333
127,18,168,6.958333333333333
127,19,174,7.208333333333333
127,20,180,7.458333333333333
127,21,186,7.708333333333333
127,22,192,7.958333333333333
127,23,198,8.208333333333334
127,24,204,8.458333333333334
128,1,67,2.75
128,2,73,3.0
128,3,79,3.25
128,4,85,3.5
128,5,91,3.75
128,6,97,4.0
128,7,103,4.25
128,8,109,4.5
128,9,115,4.75
128,10,121,5.0
128,11,127,5.25
128,12,133,5.5
128,13,139,5.75
128,14,145,6.0
128,15,151,6.25
128,16,157,6.5
128,17,163,6.75
128,18,169,7.0
128,19,175,7.25
128,20,181,7.5
128,21,187,7.75
128,22,193,8.0
128,23,199,8.25
128,24,205,8.5
129,1,67,2.75
129,2,73,3.0
129,3,79,3.25
129,4,85,3.5
129,5,91,3.75
129,6,97,4.0
129,7,103,4.25
129,8,109,4.5
129,9,115,4.75
129,10,121,5.0
129,11,127,5.25
129,12,133,5.5
129,13,139,5.75
129,14,145,6.0
129,15,151,6.25
129,16,157,6.5
129,17,163,6.75
129,18,169,7.0
129,19,175,7.25
129,20,181,7.5
129,21,187,7.75
129,22,193,8.0
129,23,199,8.25
129,24,205,8.5
130,1,67,2.75
130,2,73,3.0
130,3,79,3.25
130,4,85,3.5
130,5,91,3.75
130,6,97,4.0
130,7,103,4.25
130,8,109,4.5
130,9,115,4.75
130,10,121,5.0
130,11,127,5.25
130,12,133,5.5
130,13,139,5.75
130,14,145,6.0
130,15,151,6.25
130,16,157,6.5
130,17,163,6.75
130,18,169,7.0
130,19,175,7.25
130,20,181,7.5
130,21,187,7.75
130,22,193,8.0
130,23,199,8.25
130,24,205,8.5
131,1,67,2.75
131,2,73,3.0
131,3,79,3.25
131,4,85,3.5
131,5,91,3.75
131,6,97,4.0
131,7,103,4.25
131,8,109,4.5
131,9,115,4.75
131,10,121,5.0
131,11,127,5.25
131,12,133,5.5
131,13,139,5.75
131,14,145,6.0
131,15,151,6.25
131,16,157,6.5
131,17,163,6.75
131,18,169,7.0
131,19,175,7.25
131,20,181,7.5
131,21,187,7.75
131,22,193,8.0
131,23,199,8.25
131,24,205,8.5
132,1,67,2.75
132,2,73,3.0
132,3,79,3.25
132,4,85,3.5
132,5,91,3.75
132,6,97,4.0
132,7,103,4.25
132,8,109,4.5
132,9,115,4.75
132,10,121,5.0
132,11,127,5.25
132,12,133,5.5
132,13,139,5.75
132,14,145,6.0
132,15,151,6.25
132,16,157,6.5
132,17,163,6.75
132,18,169,7.0
132,19,175,7.25
132,20,181,7.5
132,21,187,7.75
132,22,193,8.0
132,23,199,8.25
132,24,205,8.5
133,1,64,2.625
133,2,70,2.875
133,3,76,3.125
133,4,82,3.375
133,5,88,3.625
133,6,94,3.875
133,7,100,4.125
133,8,106,4.375
133,9,112,4.625
133,10,118,4.875
133,11,124,5.125
133,12,130,5.375
133,13,136,5.625
133,14,142,5.875
133,15,148,6.125
133,16,154,6.375
133,17,160,6.625
133,18,166,6.875
133,19,172,7.125
133,20,178,7.375
133,21,184,7.625
133,22,190,7.875
133,23,196,8.125
133,24,202,8.375
134,1,65,2.6666666666666665
134,2,71,2.9166666666666665
134,3,77,3.1666666666666665
134,4,83,3.4166666666666665
134,5,89,3.6666666666666665
134,6,95,3.9166666666666665
134,7,101,4.166666666666667
134,8,107,4.416666666666667
134,9,113,4.666666666666667
134,10,119,4.916666666666667
134,11,125,5.166666666666667
134,12,131,5.416666666666667
134,13,137,5.666666666666667
134,14,143,5.916666666666667
134,15,149,6.166666666666667
134,16,155,6.416666666666667
134,17,161,6.666666666666667
134,18,167,6.916666666666667
134,19,173,7.166666666666667
134,20,179,7.416666666666667
134,21,185,7.666666666666667
134,22,191,7.916666666666667
134,23,197,8.166666666666666
134,24,203,8.416666666666666
135,1,66,2.7083333333333335
135,2,72,2.9583333333333335
135,3,78,3.2083333333333335
135,4,84,3.4583333333333335
135,5,90,3.7083333333333335
135,6,96,3.9583333333333335
135,7,102,4.208333333333333
135,8,108,4.458333333333333
135,9,114,4.708333333333333
135,10,120,4.958333333333333
135,11,126,5.208333333333333
135,12,132,5.458333333333333
135,13,138,5.708333333333333
135,14,144,5.958333333333333
135,15,150,6.208333333333333
135,16,156,6.458333333333333
135,17,162,6.708333333333333
135,18,168,6.958333333333333
135,19,174,7.208333333333333
135,20,180,7.458333333333333
135,21,186,7.708333333333333
135,22,192,7.958333333333333
135,23,198,8.208333333333334
135,24,204,8.458333333333334
136,1,66,2.7083333333333335
136,2,72,2.9583333333333335
136,3,78,3.2083333333333335
136,4,84,3.4583333333333335
136,5,90,3.7083333333333335
136,6,96,3.9583333333333335
136,7,102,4.208333333333333
136,8,108,4.458333333333333
136,9,114,4.708333333333333
136,10,120,4.958333333333333
136,11,126,5.208333333333333
136,12,132,5.458333333333333
136,13,138,5.708333333333333
136,14,144,5.958333333333333
136,15,150,6.208333333333333
136,16,156,6.458333333333333
136,17,162,6.708333333333333
136,18,168,6.958333333333333
136,19,174,7.208333333333333
136,20,180,7.458333333333333
136,21,186,7.708333333333333
136,22,192,7.958333333333333
136,23,198,8.208333333333334
136,24,204,8.458333333333334
137,1,67,2.75
137,2,73,3.0
137,3,79,3.25
137,4,85,3.5
137,5,91,3.75
137,6,97,4.0
137,7,103,4.25
137,8,109,4.5
137,9,115,4.75
137,10,121,5.0
137,11,127,5.25
137,12,133,5.5
137,13,139,5.75
137,14,145,6.0
137,15,151,6.25
137,16,157,6.5
137,17,163,6.75
137,18,169,7.0
137,19,175,7.25
137,20,181,7.5
137,21,187,7.75
137,22,193,8.0
137,23,199,8.25
137,24,205,8.5
138,1,67,2.75
138,2,73,3.0
138,3,79,3.25
138,4,85,3.5
138,5,91,3.75
138,6,97,4.0
138,7,103,4.25
138,8,109,4.5
138,9,115,4.75
138,10,121,5.0
138,11,127,5.25
138,12,133,5.5
138,13,139,5.75
138,14,145,6.0
138,15,151,6.25
138,16,157,6.5
138,17,163,6.75
138,18,169,7.0
138,19,175,7.25
138,20,181,7.5
138,21,187,7.75
138,22,193,8.0
138,23,199,8.25
138,24,205,8.5
139,1,67,2.75
139,2,73,3.0
139,3,79,3.25
139,4,85,3.5
139,5,91,3.75
139,6,97,4.0
139,7,103,4.25
139,8,109,4.5
139,9,115,4.75
139,10,121,5.0
139,11,127,5.25
139,12,133,5.5
139,13,139,5.75
139,14,145,6.0
139,15,151,6.25
139,16,157,6.5
139,17,163,6.75
139,18,169,7.0
139,19,175,7.25
139,20,181,7.5
139,21,187,7.75
139,22,193,8.0
139,23,199,8.25
139,24,205,8.5
140,1,67,2.75
140,2,73,3.0
140,3,79,3.25
140,4,85,3.5
140,5,91,3.75
140,6,97,4.0
140,7,103,4.25
140,8,109,4.5
140,9,115,4.75
140,10,121,5.0
140,11,127,5.25
140,12,133,5.5
140,13,139,5.75
140,14,145,6.0
140,15,151,6.25
140,16,157,6.5
140,17,163,6.75
140,18,169,7.0
140,19,175,7.25
140,20,181,7.5
140,21,187,7.75
140,22,193,8.0
140,23,199,8.25
140,24,205,8.5
141,1,67,2.75
141,2,73,3.0
141,3,79,3.25
141,4,85,3.5
141,5,91,3.75
141,6,97,4.0
141,7,103,4.25
141,8,109,4.5
141,9,115,4.75
141,10,121,5.0
141,11,127,5.25
141,12,133,5.5
141,13,139,5.75
141,14,145,6.0
141,15,151,6.25
141,16,157,6.5
141,17,163,6.75
141,18,169,7.0
141,19,175,7.25
141,20,181,7.5
141,21,187,7.75
141,22,193,8.0
141,23,199,8.25
141,24,205,8.5
142,1,68,2.7916666666666665
142,2,74,3.0416666666666665
142,3,80,3.2916666666666665
142,4,86,3.5416666666666665
142,5,92,3.7916666666666665
142,6,98,4.041666666666667
142,7,104,4.291666666666667
142,8,110,4.541666666666667
142,9,116,4.791666666666667
142,10,122,5.041666666666667
142,11,128,5.291666666666667
142,12,134,5.541666666666667
142,13,140,5.791666666666667
142,14,146,6.041666666666667
142,15,152,6.291666666666667
142,16,158,6.541666666666667
142,17,164,6.791666666666667
142,18,170,7.041666666666667
142,19,176,7.291666666666667
142,20,182,7.541666666666667
142,21,188,7.791666666666667
142,22,194,8.041666666666666
142,23,200,8.291666666666666
142,24,206,8.541666666666666
143,1,68,2.7916666666666665
143,2,74,3.0416666666666665
143,3,80,3.2916666666666665
143,4,86,3.5416666666666665
143,5,92,3.7916666666666665
143,6,98,4.041666666666667
143,7,104,4.291666666666667
143,8,110,4.541666666666667
143,9,116,4.791666666666667
143,10,122,5.041666666666667
143,11,128,5.291666666666667
143,12,134,5.541666666666667
143,13,140,5.791666666666667
143,14,146,6.041666666666667
143,15,152,6.291666666666667
143,16,158,6.541666666666667
143,17,164,6.791666666666667
143,18,170,7.041666666666667
143,19,176,7.291666666666667
143,20,182,7.541666666666667
143,21,188,7.791666666666667
143,22,194,8.041666666666666
143,23,200,8.291666666666666
143,24,206,8.541666666666666
144,1,69,2.8333333333333335
144,2,75,3.0833333333333335
144,3,81,3.3333333333333335
144,4,87,3.5833333333333335
144,5,93,3.8333333333333335
144,6,99,4.083333333333333
144,7,105,4.333333333333333
144,8,111,4.583333333333333
144,9,117,4.833333333333333
144,10,123,5.083333333333333
144,11,129,5.333333333333333
144,12,135,5.583333333333333
144,13,141,5.833333333333333
144,14,147,6.083333333333333
144,15,153,6.333333333333333
144,16,159,6.583333333333333
144,17,165,6.833333333333333
144,18,171,7.083333333333333
144,19,177,7.333333333333333
144,20,183,7.583333333333333
144,21,189,7.833333333333333
144,22,195,8.083333333333334
144,23,201,8.333333333333334
144,24,207,8.583333333333334
